soldDate,itemId,itemName,itemAvailableLevel,itemRarity,itemTypeId,itemType,itemTypeDetailId,itemTypeDetail,refine,reinforce,count,price,unitPrice
2023-04-07 00:26:38,a1cdd9ffbfff08d867d07a86886c6b55,신비한 칼레이도 박스 주머니,1,레어,8bcda5578720a4dc56b1736ccbe06c0f,스태커블,75646f8fb522886186daf90888bcc605,부스터,0,0,1,1018000,1018000
2023-04-07 00:25:59,a1cdd9ffbfff08d867d07a86886c6b55,신비한 칼레이도 박스 주머니,1,레어,8bcda5578720a4dc56b1736ccbe06c0f,스태커블,75646f8fb522886186daf90888bcc605,부스터,0,0,1,1018000,1018000
2023-04-07 00:25:38,a1cdd9ffbfff08d867d07a86886c6b55,신비한 칼레이도 박스 주머니,1,레어,8bcda5578720a4dc56b1736ccbe06c0f,스태커블,75646f8fb522886186daf90888bcc605,부스터,0,0,1,1015000,1015000
2023-04-07 00:25:16,a1cdd9ffbfff08d867d07a86886c6b55,신비한 칼레이도 박스 주머니,1,레어,8bcda5578720a4dc56b1736ccbe06c0f,스태커블,75646f8fb522886186daf90888bcc605,부스터,0,0,2,2030000,1015000
2023-04-07 00:25:14,a1cdd9ffbfff08d867d07a86886c6b55,신비한 칼레이도 박스 주머니,1,레어,8bcda5578720a4dc56b1736ccbe06c0f,스태커블,75646f8fb522886186daf90888bcc605,부스터,0,0,1,1018000,1018000
2023-04-07 00:24:48,a1cdd9ffbfff08d867d07a86886c6b55,신비한 칼레이도 박스 주머니,1,레어,8bcda5578720a4dc56b1736ccbe06c0f,스태커블,75646f8fb522886186daf90888bcc605,부스터,0,0,2,2036000,1018000
2023-04-07 00:20:51,a1cdd9ffbfff08d867d07a86886c6b55,신비한 칼레이도 박스 주머니,1,레어,8bcda5578720a4dc56b1736ccbe06c0f,스태커블,75646f8fb522886186daf90888bcc605,부스터,0,0,1,1020000,1020000
2023-04-07 00:17:50,a1cdd9ffbfff08d867d07a86886c6b55,신비한 칼레이도 박스 주머니,1,레어,8bcda5578720a4dc56b1736ccbe06c0f,스태커블,75646f8fb522886186daf90888bcc605,부스터,0,0,2,2020000,1010000
2023-04-07 00:17:47,a1cdd9ffbfff08d867d07a86886c6b55,신비한 칼레이도 박스 주머니,1,레어,8bcda5578720a4dc56b1736ccbe06c0f,스태커블,75646f8fb522886186daf90888bcc605,부스터,0,0,10,10090000,1009000
2023-04-07 00:17:30,a1cdd9ffbfff08d867d07a86886c6b55,신비한 칼레이도 박스 주머니,1,레어,8bcda5578720a4dc56b1736ccbe06c0f,스태커블,75646f8fb522886186daf90888bcc605,부스터,0,0,1,1009000,1009000
2023-04-07 00:17:27,a1cdd9ffbfff08d867d07a86886c6b55,신비한 칼레이도 박스 주머니,1,레어,8bcda5578720a4dc56b1736ccbe06c0f,스태커블,75646f8fb522886186daf90888bcc605,부스터,0,0,2,2018000,1009000
2023-04-07 00:16:34,a1cdd9ffbfff08d867d07a86886c6b55,신비한 칼레이도 박스 주머니,1,레어,8bcda5578720a4dc56b1736ccbe06c0f,스태커블,75646f8fb522886186daf90888bcc605,부스터,0,0,1,1009000,1009000
2023-04-07 00:16:05,a1cdd9ffbfff08d867d07a86886c6b55,신비한 칼레이도 박스 주머니,1,레어,8bcda5578720a4dc56b1736ccbe06c0f,스태커블,75646f8fb522886186daf90888bcc605,부스터,0,0,2,2018000,1009000
2023-04-07 00:15:50,a1cdd9ffbfff08d867d07a86886c6b55,신비한 칼레이도 박스 주머니,1,레어,8bcda5578720a4dc56b1736ccbe06c0f,스태커블,75646f8fb522886186daf90888bcc605,부스터,0,0,2,2018000,1009000
2023-04-07 00:15:44,a1cdd9ffbfff08d867d07a86886c6b55,신비한 칼레이도 박스 주머니,1,레어,8bcda5578720a4dc56b1736ccbe06c0f,스태커블,75646f8fb522886186daf90888bcc605,부스터,0,0,1,1009000,1009000
2023-04-07 00:15:38,a1cdd9ffbfff08d867d07a86886c6b55,신비한 칼레이도 박스 주머니,1,레어,8bcda5578720a4dc56b1736ccbe06c0f,스태커블,75646f8fb522886186daf90888bcc605,부스터,0,0,1,1009000,1009000
2023-04-07 00:15:30,a1cdd9ffbfff08d867d07a86886c6b55,신비한 칼레이도 박스 주머니,1,레어,8bcda5578720a4dc56b1736ccbe06c0f,스태커블,75646f8fb522886186daf90888bcc605,부스터,0,0,2,2018000,1009000
2023-04-07 00:15:06,a1cdd9ffbfff08d867d07a86886c6b55,신비한 칼레이도 박스 주머니,1,레어,8bcda5578720a4dc56b1736ccbe06c0f,스태커블,75646f8fb522886186daf90888bcc605,부스터,0,0,2,2020000,1010000
2023-04-07 00:13:41,a1cdd9ffbfff08d867d07a86886c6b55,신비한 칼레이도 박스 주머니,1,레어,8bcda5578720a4dc56b1736ccbe06c0f,스태커블,75646f8fb522886186daf90888bcc605,부스터,0,0,4,4080000,1020000
2023-04-07 00:12:46,a1cdd9ffbfff08d867d07a86886c6b55,신비한 칼레이도 박스 주머니,1,레어,8bcda5578720a4dc56b1736ccbe06c0f,스태커블,75646f8fb522886186daf90888bcc605,부스터,0,0,5,5100000,1020000
2023-04-07 00:12:15,a1cdd9ffbfff08d867d07a86886c6b55,신비한 칼레이도 박스 주머니,1,레어,8bcda5578720a4dc56b1736ccbe06c0f,스태커블,75646f8fb522886186daf90888bcc605,부스터,0,0,3,3060000,1020000
2023-04-07 00:10:22,a1cdd9ffbfff08d867d07a86886c6b55,신비한 칼레이도 박스 주머니,1,레어,8bcda5578720a4dc56b1736ccbe06c0f,스태커블,75646f8fb522886186daf90888bcc605,부스터,0,0,2,2040000,1020000
2023-04-07 00:10:08,a1cdd9ffbfff08d867d07a86886c6b55,신비한 칼레이도 박스 주머니,1,레어,8bcda5578720a4dc56b1736ccbe06c0f,스태커블,75646f8fb522886186daf90888bcc605,부스터,0,0,5,5100000,1020000
2023-04-07 00:07:52,a1cdd9ffbfff08d867d07a86886c6b55,신비한 칼레이도 박스 주머니,1,레어,8bcda5578720a4dc56b1736ccbe06c0f,스태커블,75646f8fb522886186daf90888bcc605,부스터,0,0,1,1020000,1020000
2023-04-07 00:07:29,a1cdd9ffbfff08d867d07a86886c6b55,신비한 칼레이도 박스 주머니,1,레어,8bcda5578720a4dc56b1736ccbe06c0f,스태커블,75646f8fb522886186daf90888bcc605,부스터,0,0,1,1020000,1020000
2023-04-07 00:07:29,a1cdd9ffbfff08d867d07a86886c6b55,신비한 칼레이도 박스 주머니,1,레어,8bcda5578720a4dc56b1736ccbe06c0f,스태커블,75646f8fb522886186daf90888bcc605,부스터,0,0,1,1020000,1020000
2023-04-07 00:07:12,a1cdd9ffbfff08d867d07a86886c6b55,신비한 칼레이도 박스 주머니,1,레어,8bcda5578720a4dc56b1736ccbe06c0f,스태커블,75646f8fb522886186daf90888bcc605,부스터,0,0,1,1020000,1020000
2023-04-07 00:06:04,a1cdd9ffbfff08d867d07a86886c6b55,신비한 칼레이도 박스 주머니,1,레어,8bcda5578720a4dc56b1736ccbe06c0f,스태커블,75646f8fb522886186daf90888bcc605,부스터,0,0,1,999999,999999
2023-04-07 00:06:02,a1cdd9ffbfff08d867d07a86886c6b55,신비한 칼레이도 박스 주머니,1,레어,8bcda5578720a4dc56b1736ccbe06c0f,스태커블,75646f8fb522886186daf90888bcc605,부스터,0,0,28,28000000,1000000
2023-04-07 00:05:38,a1cdd9ffbfff08d867d07a86886c6b55,신비한 칼레이도 박스 주머니,1,레어,8bcda5578720a4dc56b1736ccbe06c0f,스태커블,75646f8fb522886186daf90888bcc605,부스터,0,0,1,999998,999998
2023-04-07 00:04:49,a1cdd9ffbfff08d867d07a86886c6b55,신비한 칼레이도 박스 주머니,1,레어,8bcda5578720a4dc56b1736ccbe06c0f,스태커블,75646f8fb522886186daf90888bcc605,부스터,0,0,2,1999996,999998
2023-04-07 00:04:13,a1cdd9ffbfff08d867d07a86886c6b55,신비한 칼레이도 박스 주머니,1,레어,8bcda5578720a4dc56b1736ccbe06c0f,스태커블,75646f8fb522886186daf90888bcc605,부스터,0,0,2,1999996,999998
2023-04-07 00:04:13,a1cdd9ffbfff08d867d07a86886c6b55,신비한 칼레이도 박스 주머니,1,레어,8bcda5578720a4dc56b1736ccbe06c0f,스태커블,75646f8fb522886186daf90888bcc605,부스터,0,0,5,4999990,999998
2023-04-07 00:04:07,a1cdd9ffbfff08d867d07a86886c6b55,신비한 칼레이도 박스 주머니,1,레어,8bcda5578720a4dc56b1736ccbe06c0f,스태커블,75646f8fb522886186daf90888bcc605,부스터,0,0,1,999999,999999
2023-04-07 00:04:06,a1cdd9ffbfff08d867d07a86886c6b55,신비한 칼레이도 박스 주머니,1,레어,8bcda5578720a4dc56b1736ccbe06c0f,스태커블,75646f8fb522886186daf90888bcc605,부스터,0,0,2,1999998,999999
2023-04-07 00:04:00,a1cdd9ffbfff08d867d07a86886c6b55,신비한 칼레이도 박스 주머니,1,레어,8bcda5578720a4dc56b1736ccbe06c0f,스태커블,75646f8fb522886186daf90888bcc605,부스터,0,0,2,1999998,999999
2023-04-07 00:03:52,a1cdd9ffbfff08d867d07a86886c6b55,신비한 칼레이도 박스 주머니,1,레어,8bcda5578720a4dc56b1736ccbe06c0f,스태커블,75646f8fb522886186daf90888bcc605,부스터,0,0,3,2999997,999999
2023-04-07 00:02:44,a1cdd9ffbfff08d867d07a86886c6b55,신비한 칼레이도 박스 주머니,1,레어,8bcda5578720a4dc56b1736ccbe06c0f,스태커블,75646f8fb522886186daf90888bcc605,부스터,0,0,3,2999997,999999
2023-04-07 00:02:43,a1cdd9ffbfff08d867d07a86886c6b55,신비한 칼레이도 박스 주머니,1,레어,8bcda5578720a4dc56b1736ccbe06c0f,스태커블,75646f8fb522886186daf90888bcc605,부스터,0,0,1,999999,999999
2023-04-07 00:02:43,a1cdd9ffbfff08d867d07a86886c6b55,신비한 칼레이도 박스 주머니,1,레어,8bcda5578720a4dc56b1736ccbe06c0f,스태커블,75646f8fb522886186daf90888bcc605,부스터,0,0,4,3999996,999999
2023-04-07 00:02:37,a1cdd9ffbfff08d867d07a86886c6b55,신비한 칼레이도 박스 주머니,1,레어,8bcda5578720a4dc56b1736ccbe06c0f,스태커블,75646f8fb522886186daf90888bcc605,부스터,0,0,1,999999,999999
2023-04-07 00:02:12,a1cdd9ffbfff08d867d07a86886c6b55,신비한 칼레이도 박스 주머니,1,레어,8bcda5578720a4dc56b1736ccbe06c0f,스태커블,75646f8fb522886186daf90888bcc605,부스터,0,0,2,1999998,999999
2023-04-07 00:00:42,a1cdd9ffbfff08d867d07a86886c6b55,신비한 칼레이도 박스 주머니,1,레어,8bcda5578720a4dc56b1736ccbe06c0f,스태커블,75646f8fb522886186daf90888bcc605,부스터,0,0,3,2999997,999999
2023-04-07 00:00:06,a1cdd9ffbfff08d867d07a86886c6b55,신비한 칼레이도 박스 주머니,1,레어,8bcda5578720a4dc56b1736ccbe06c0f,스태커블,75646f8fb522886186daf90888bcc605,부스터,0,0,3,2999997,999999
2023-04-06 23:57:21,a1cdd9ffbfff08d867d07a86886c6b55,신비한 칼레이도 박스 주머니,1,레어,8bcda5578720a4dc56b1736ccbe06c0f,스태커블,75646f8fb522886186daf90888bcc605,부스터,0,0,1,999999,999999
2023-04-06 23:57:08,a1cdd9ffbfff08d867d07a86886c6b55,신비한 칼레이도 박스 주머니,1,레어,8bcda5578720a4dc56b1736ccbe06c0f,스태커블,75646f8fb522886186daf90888bcc605,부스터,0,0,1,999999,999999
2023-04-06 23:56:56,a1cdd9ffbfff08d867d07a86886c6b55,신비한 칼레이도 박스 주머니,1,레어,8bcda5578720a4dc56b1736ccbe06c0f,스태커블,75646f8fb522886186daf90888bcc605,부스터,0,0,1,999999,999999
2023-04-06 23:56:19,a1cdd9ffbfff08d867d07a86886c6b55,신비한 칼레이도 박스 주머니,1,레어,8bcda5578720a4dc56b1736ccbe06c0f,스태커블,75646f8fb522886186daf90888bcc605,부스터,0,0,3,3000000,1000000
2023-04-06 23:50:04,a1cdd9ffbfff08d867d07a86886c6b55,신비한 칼레이도 박스 주머니,1,레어,8bcda5578720a4dc56b1736ccbe06c0f,스태커블,75646f8fb522886186daf90888bcc605,부스터,0,0,1,1020000,1020000
2023-04-06 23:50:00,a1cdd9ffbfff08d867d07a86886c6b55,신비한 칼레이도 박스 주머니,1,레어,8bcda5578720a4dc56b1736ccbe06c0f,스태커블,75646f8fb522886186daf90888bcc605,부스터,0,0,1,1020000,1020000
2023-04-06 23:47:51,a1cdd9ffbfff08d867d07a86886c6b55,신비한 칼레이도 박스 주머니,1,레어,8bcda5578720a4dc56b1736ccbe06c0f,스태커블,75646f8fb522886186daf90888bcc605,부스터,0,0,20,20400000,1020000
2023-04-06 23:47:29,a1cdd9ffbfff08d867d07a86886c6b55,신비한 칼레이도 박스 주머니,1,레어,8bcda5578720a4dc56b1736ccbe06c0f,스태커블,75646f8fb522886186daf90888bcc605,부스터,0,0,1,1020000,1020000
2023-04-06 23:42:13,a1cdd9ffbfff08d867d07a86886c6b55,신비한 칼레이도 박스 주머니,1,레어,8bcda5578720a4dc56b1736ccbe06c0f,스태커블,75646f8fb522886186daf90888bcc605,부스터,0,0,2,2040000,1020000
2023-04-06 23:41:58,a1cdd9ffbfff08d867d07a86886c6b55,신비한 칼레이도 박스 주머니,1,레어,8bcda5578720a4dc56b1736ccbe06c0f,스태커블,75646f8fb522886186daf90888bcc605,부스터,0,0,2,1900000,950000
2023-04-06 23:41:58,a1cdd9ffbfff08d867d07a86886c6b55,신비한 칼레이도 박스 주머니,1,레어,8bcda5578720a4dc56b1736ccbe06c0f,스태커블,75646f8fb522886186daf90888bcc605,부스터,0,0,48,46464000,968000
2023-04-06 23:41:58,a1cdd9ffbfff08d867d07a86886c6b55,신비한 칼레이도 박스 주머니,1,레어,8bcda5578720a4dc56b1736ccbe06c0f,스태커블,75646f8fb522886186daf90888bcc605,부스터,0,0,9,8730000,970000
2023-04-06 23:41:53,a1cdd9ffbfff08d867d07a86886c6b55,신비한 칼레이도 박스 주머니,1,레어,8bcda5578720a4dc56b1736ccbe06c0f,스태커블,75646f8fb522886186daf90888bcc605,부스터,0,0,105,99750000,950000
2023-04-06 23:41:47,a1cdd9ffbfff08d867d07a86886c6b55,신비한 칼레이도 박스 주머니,1,레어,8bcda5578720a4dc56b1736ccbe06c0f,스태커블,75646f8fb522886186daf90888bcc605,부스터,0,0,94,84600000,900000
2023-04-06 23:39:54,a1cdd9ffbfff08d867d07a86886c6b55,신비한 칼레이도 박스 주머니,1,레어,8bcda5578720a4dc56b1736ccbe06c0f,스태커블,75646f8fb522886186daf90888bcc605,부스터,0,0,1,950000,950000
2023-04-06 23:39:37,a1cdd9ffbfff08d867d07a86886c6b55,신비한 칼레이도 박스 주머니,1,레어,8bcda5578720a4dc56b1736ccbe06c0f,스태커블,75646f8fb522886186daf90888bcc605,부스터,0,0,1,950000,950000
2023-04-06 23:39:18,a1cdd9ffbfff08d867d07a86886c6b55,신비한 칼레이도 박스 주머니,1,레어,8bcda5578720a4dc56b1736ccbe06c0f,스태커블,75646f8fb522886186daf90888bcc605,부스터,0,0,1,970000,970000
2023-04-06 23:39:17,a1cdd9ffbfff08d867d07a86886c6b55,신비한 칼레이도 박스 주머니,1,레어,8bcda5578720a4dc56b1736ccbe06c0f,스태커블,75646f8fb522886186daf90888bcc605,부스터,0,0,2,1940000,970000
2023-04-06 23:38:29,a1cdd9ffbfff08d867d07a86886c6b55,신비한 칼레이도 박스 주머니,1,레어,8bcda5578720a4dc56b1736ccbe06c0f,스태커블,75646f8fb522886186daf90888bcc605,부스터,0,0,2,1940000,970000
2023-04-06 23:37:52,a1cdd9ffbfff08d867d07a86886c6b55,신비한 칼레이도 박스 주머니,1,레어,8bcda5578720a4dc56b1736ccbe06c0f,스태커블,75646f8fb522886186daf90888bcc605,부스터,0,0,2,1940000,970000
2023-04-06 23:37:43,a1cdd9ffbfff08d867d07a86886c6b55,신비한 칼레이도 박스 주머니,1,레어,8bcda5578720a4dc56b1736ccbe06c0f,스태커블,75646f8fb522886186daf90888bcc605,부스터,0,0,1,970000,970000
2023-04-06 23:35:59,a1cdd9ffbfff08d867d07a86886c6b55,신비한 칼레이도 박스 주머니,1,레어,8bcda5578720a4dc56b1736ccbe06c0f,스태커블,75646f8fb522886186daf90888bcc605,부스터,0,0,2,1940000,970000
2023-04-06 23:35:52,a1cdd9ffbfff08d867d07a86886c6b55,신비한 칼레이도 박스 주머니,1,레어,8bcda5578720a4dc56b1736ccbe06c0f,스태커블,75646f8fb522886186daf90888bcc605,부스터,0,0,2,1960000,980000
2023-04-06 23:35:39,a1cdd9ffbfff08d867d07a86886c6b55,신비한 칼레이도 박스 주머니,1,레어,8bcda5578720a4dc56b1736ccbe06c0f,스태커블,75646f8fb522886186daf90888bcc605,부스터,0,0,2,1960000,980000
2023-04-06 23:35:32,a1cdd9ffbfff08d867d07a86886c6b55,신비한 칼레이도 박스 주머니,1,레어,8bcda5578720a4dc56b1736ccbe06c0f,스태커블,75646f8fb522886186daf90888bcc605,부스터,0,0,2,1960000,980000
2023-04-06 23:35:25,a1cdd9ffbfff08d867d07a86886c6b55,신비한 칼레이도 박스 주머니,1,레어,8bcda5578720a4dc56b1736ccbe06c0f,스태커블,75646f8fb522886186daf90888bcc605,부스터,0,0,1,980000,980000
2023-04-06 23:35:07,a1cdd9ffbfff08d867d07a86886c6b55,신비한 칼레이도 박스 주머니,1,레어,8bcda5578720a4dc56b1736ccbe06c0f,스태커블,75646f8fb522886186daf90888bcc605,부스터,0,0,2,1970000,985000
2023-04-06 23:34:28,a1cdd9ffbfff08d867d07a86886c6b55,신비한 칼레이도 박스 주머니,1,레어,8bcda5578720a4dc56b1736ccbe06c0f,스태커블,75646f8fb522886186daf90888bcc605,부스터,0,0,1,985000,985000
2023-04-06 23:34:25,a1cdd9ffbfff08d867d07a86886c6b55,신비한 칼레이도 박스 주머니,1,레어,8bcda5578720a4dc56b1736ccbe06c0f,스태커블,75646f8fb522886186daf90888bcc605,부스터,0,0,19,18715000,985000
2023-04-06 23:34:23,a1cdd9ffbfff08d867d07a86886c6b55,신비한 칼레이도 박스 주머니,1,레어,8bcda5578720a4dc56b1736ccbe06c0f,스태커블,75646f8fb522886186daf90888bcc605,부스터,0,0,38,36860000,970000
2023-04-06 23:32:41,a1cdd9ffbfff08d867d07a86886c6b55,신비한 칼레이도 박스 주머니,1,레어,8bcda5578720a4dc56b1736ccbe06c0f,스태커블,75646f8fb522886186daf90888bcc605,부스터,0,0,2,1940000,970000
2023-04-06 23:32:31,a1cdd9ffbfff08d867d07a86886c6b55,신비한 칼레이도 박스 주머니,1,레어,8bcda5578720a4dc56b1736ccbe06c0f,스태커블,75646f8fb522886186daf90888bcc605,부스터,0,0,29,28130000,970000
2023-04-06 23:31:36,a1cdd9ffbfff08d867d07a86886c6b55,신비한 칼레이도 박스 주머니,1,레어,8bcda5578720a4dc56b1736ccbe06c0f,스태커블,75646f8fb522886186daf90888bcc605,부스터,0,0,2,1970000,985000
2023-04-06 23:31:19,a1cdd9ffbfff08d867d07a86886c6b55,신비한 칼레이도 박스 주머니,1,레어,8bcda5578720a4dc56b1736ccbe06c0f,스태커블,75646f8fb522886186daf90888bcc605,부스터,0,0,1,970000,970000
2023-04-06 23:31:04,a1cdd9ffbfff08d867d07a86886c6b55,신비한 칼레이도 박스 주머니,1,레어,8bcda5578720a4dc56b1736ccbe06c0f,스태커블,75646f8fb522886186daf90888bcc605,부스터,0,0,1,970000,970000
2023-04-06 23:30:49,a1cdd9ffbfff08d867d07a86886c6b55,신비한 칼레이도 박스 주머니,1,레어,8bcda5578720a4dc56b1736ccbe06c0f,스태커블,75646f8fb522886186daf90888bcc605,부스터,0,0,2,1940000,970000
2023-04-06 23:30:43,a1cdd9ffbfff08d867d07a86886c6b55,신비한 칼레이도 박스 주머니,1,레어,8bcda5578720a4dc56b1736ccbe06c0f,스태커블,75646f8fb522886186daf90888bcc605,부스터,0,0,2,1938000,969000
2023-04-06 23:30:36,a1cdd9ffbfff08d867d07a86886c6b55,신비한 칼레이도 박스 주머니,1,레어,8bcda5578720a4dc56b1736ccbe06c0f,스태커블,75646f8fb522886186daf90888bcc605,부스터,0,0,3,2910000,970000
2023-04-06 23:29:54,a1cdd9ffbfff08d867d07a86886c6b55,신비한 칼레이도 박스 주머니,1,레어,8bcda5578720a4dc56b1736ccbe06c0f,스태커블,75646f8fb522886186daf90888bcc605,부스터,0,0,2,1970000,985000
2023-04-06 23:25:08,a1cdd9ffbfff08d867d07a86886c6b55,신비한 칼레이도 박스 주머니,1,레어,8bcda5578720a4dc56b1736ccbe06c0f,스태커블,75646f8fb522886186daf90888bcc605,부스터,0,0,1,1020000,1020000
2023-04-06 23:25:00,a1cdd9ffbfff08d867d07a86886c6b55,신비한 칼레이도 박스 주머니,1,레어,8bcda5578720a4dc56b1736ccbe06c0f,스태커블,75646f8fb522886186daf90888bcc605,부스터,0,0,2,2040000,1020000
2023-04-06 23:24:49,a1cdd9ffbfff08d867d07a86886c6b55,신비한 칼레이도 박스 주머니,1,레어,8bcda5578720a4dc56b1736ccbe06c0f,스태커블,75646f8fb522886186daf90888bcc605,부스터,0,0,2,2040000,1020000
2023-04-06 23:24:04,a1cdd9ffbfff08d867d07a86886c6b55,신비한 칼레이도 박스 주머니,1,레어,8bcda5578720a4dc56b1736ccbe06c0f,스태커블,75646f8fb522886186daf90888bcc605,부스터,0,0,1,1020000,1020000
2023-04-06 23:21:45,a1cdd9ffbfff08d867d07a86886c6b55,신비한 칼레이도 박스 주머니,1,레어,8bcda5578720a4dc56b1736ccbe06c0f,스태커블,75646f8fb522886186daf90888bcc605,부스터,0,0,1,1020000,1020000
2023-04-06 23:18:26,a1cdd9ffbfff08d867d07a86886c6b55,신비한 칼레이도 박스 주머니,1,레어,8bcda5578720a4dc56b1736ccbe06c0f,스태커블,75646f8fb522886186daf90888bcc605,부스터,0,0,1,1029999,1029999
2023-04-06 23:18:12,a1cdd9ffbfff08d867d07a86886c6b55,신비한 칼레이도 박스 주머니,1,레어,8bcda5578720a4dc56b1736ccbe06c0f,스태커블,75646f8fb522886186daf90888bcc605,부스터,0,0,1,1030000,1030000
2023-04-06 23:17:57,a1cdd9ffbfff08d867d07a86886c6b55,신비한 칼레이도 박스 주머니,1,레어,8bcda5578720a4dc56b1736ccbe06c0f,스태커블,75646f8fb522886186daf90888bcc605,부스터,0,0,1,1030000,1030000
2023-04-06 23:17:44,a1cdd9ffbfff08d867d07a86886c6b55,신비한 칼레이도 박스 주머니,1,레어,8bcda5578720a4dc56b1736ccbe06c0f,스태커블,75646f8fb522886186daf90888bcc605,부스터,0,0,1,1047500,1047500
2023-04-06 23:17:26,a1cdd9ffbfff08d867d07a86886c6b55,신비한 칼레이도 박스 주머니,1,레어,8bcda5578720a4dc56b1736ccbe06c0f,스태커블,75646f8fb522886186daf90888bcc605,부스터,0,0,1,1047500,1047500
2023-04-06 23:16:30,a1cdd9ffbfff08d867d07a86886c6b55,신비한 칼레이도 박스 주머니,1,레어,8bcda5578720a4dc56b1736ccbe06c0f,스태커블,75646f8fb522886186daf90888bcc605,부스터,0,0,1,1020000,1020000
2023-04-06 23:16:25,a1cdd9ffbfff08d867d07a86886c6b55,신비한 칼레이도 박스 주머니,1,레어,8bcda5578720a4dc56b1736ccbe06c0f,스태커블,75646f8fb522886186daf90888bcc605,부스터,0,0,2,2040000,1020000
2023-04-06 23:16:20,a1cdd9ffbfff08d867d07a86886c6b55,신비한 칼레이도 박스 주머니,1,레어,8bcda5578720a4dc56b1736ccbe06c0f,스태커블,75646f8fb522886186daf90888bcc605,부스터,0,0,1,1020000,1020000
2023-04-06 23:16:11,a1cdd9ffbfff08d867d07a86886c6b55,신비한 칼레이도 박스 주머니,1,레어,8bcda5578720a4dc56b1736ccbe06c0f,스태커블,75646f8fb522886186daf90888bcc605,부스터,0,0,1,1020000,1020000
2023-04-06 23:14:22,a1cdd9ffbfff08d867d07a86886c6b55,신비한 칼레이도 박스 주머니,1,레어,8bcda5578720a4dc56b1736ccbe06c0f,스태커블,75646f8fb522886186daf90888bcc605,부스터,0,0,1,1047500,1047500
2023-04-06 23:14:13,a1cdd9ffbfff08d867d07a86886c6b55,신비한 칼레이도 박스 주머니,1,레어,8bcda5578720a4dc56b1736ccbe06c0f,스태커블,75646f8fb522886186daf90888bcc605,부스터,0,0,2,2095000,1047500
2023-04-06 23:13:57,a1cdd9ffbfff08d867d07a86886c6b55,신비한 칼레이도 박스 주머니,1,레어,8bcda5578720a4dc56b1736ccbe06c0f,스태커블,75646f8fb522886186daf90888bcc605,부스터,0,0,2,2095000,1047500
2023-04-09 16:58:39,a1cdd9ffbfff08d867d07a86886c6b55,신비한 칼레이도 박스 주머니,1,레어,8bcda5578720a4dc56b1736ccbe06c0f,스태커블,75646f8fb522886186daf90888bcc605,부스터,0,0,1,964999,964999
2023-04-09 16:58:01,a1cdd9ffbfff08d867d07a86886c6b55,신비한 칼레이도 박스 주머니,1,레어,8bcda5578720a4dc56b1736ccbe06c0f,스태커블,75646f8fb522886186daf90888bcc605,부스터,0,0,1,964999,964999
2023-04-09 16:57:56,a1cdd9ffbfff08d867d07a86886c6b55,신비한 칼레이도 박스 주머니,1,레어,8bcda5578720a4dc56b1736ccbe06c0f,스태커블,75646f8fb522886186daf90888bcc605,부스터,0,0,1,950000,950000
2023-04-09 16:57:12,a1cdd9ffbfff08d867d07a86886c6b55,신비한 칼레이도 박스 주머니,1,레어,8bcda5578720a4dc56b1736ccbe06c0f,스태커블,75646f8fb522886186daf90888bcc605,부스터,0,0,10,9649990,964999
2023-04-09 16:56:33,a1cdd9ffbfff08d867d07a86886c6b55,신비한 칼레이도 박스 주머니,1,레어,8bcda5578720a4dc56b1736ccbe06c0f,스태커블,75646f8fb522886186daf90888bcc605,부스터,0,0,5,4790000,958000
2023-04-09 16:56:04,a1cdd9ffbfff08d867d07a86886c6b55,신비한 칼레이도 박스 주머니,1,레어,8bcda5578720a4dc56b1736ccbe06c0f,스태커블,75646f8fb522886186daf90888bcc605,부스터,0,0,2,1900000,950000
2023-04-09 16:55:54,a1cdd9ffbfff08d867d07a86886c6b55,신비한 칼레이도 박스 주머니,1,레어,8bcda5578720a4dc56b1736ccbe06c0f,스태커블,75646f8fb522886186daf90888bcc605,부스터,0,0,4,3832000,958000
2023-04-09 16:55:44,a1cdd9ffbfff08d867d07a86886c6b55,신비한 칼레이도 박스 주머니,1,레어,8bcda5578720a4dc56b1736ccbe06c0f,스태커블,75646f8fb522886186daf90888bcc605,부스터,0,0,4,3832000,958000
2023-04-09 16:51:16,a1cdd9ffbfff08d867d07a86886c6b55,신비한 칼레이도 박스 주머니,1,레어,8bcda5578720a4dc56b1736ccbe06c0f,스태커블,75646f8fb522886186daf90888bcc605,부스터,0,0,1,958000,958000
2023-04-09 16:50:40,a1cdd9ffbfff08d867d07a86886c6b55,신비한 칼레이도 박스 주머니,1,레어,8bcda5578720a4dc56b1736ccbe06c0f,스태커블,75646f8fb522886186daf90888bcc605,부스터,0,0,2,1916000,958000
2023-04-09 16:50:30,a1cdd9ffbfff08d867d07a86886c6b55,신비한 칼레이도 박스 주머니,1,레어,8bcda5578720a4dc56b1736ccbe06c0f,스태커블,75646f8fb522886186daf90888bcc605,부스터,0,0,1,958000,958000
2023-04-09 16:50:20,a1cdd9ffbfff08d867d07a86886c6b55,신비한 칼레이도 박스 주머니,1,레어,8bcda5578720a4dc56b1736ccbe06c0f,스태커블,75646f8fb522886186daf90888bcc605,부스터,0,0,1,958000,958000
2023-04-09 16:50:05,a1cdd9ffbfff08d867d07a86886c6b55,신비한 칼레이도 박스 주머니,1,레어,8bcda5578720a4dc56b1736ccbe06c0f,스태커블,75646f8fb522886186daf90888bcc605,부스터,0,0,1,958000,958000
2023-04-09 16:49:35,a1cdd9ffbfff08d867d07a86886c6b55,신비한 칼레이도 박스 주머니,1,레어,8bcda5578720a4dc56b1736ccbe06c0f,스태커블,75646f8fb522886186daf90888bcc605,부스터,0,0,1,958000,958000
2023-04-09 16:49:16,a1cdd9ffbfff08d867d07a86886c6b55,신비한 칼레이도 박스 주머니,1,레어,8bcda5578720a4dc56b1736ccbe06c0f,스태커블,75646f8fb522886186daf90888bcc605,부스터,0,0,1,958000,958000
2023-04-09 16:47:38,a1cdd9ffbfff08d867d07a86886c6b55,신비한 칼레이도 박스 주머니,1,레어,8bcda5578720a4dc56b1736ccbe06c0f,스태커블,75646f8fb522886186daf90888bcc605,부스터,0,0,1,964999,964999
2023-04-09 16:47:26,a1cdd9ffbfff08d867d07a86886c6b55,신비한 칼레이도 박스 주머니,1,레어,8bcda5578720a4dc56b1736ccbe06c0f,스태커블,75646f8fb522886186daf90888bcc605,부스터,0,0,1,960000,960000
2023-04-09 16:45:27,a1cdd9ffbfff08d867d07a86886c6b55,신비한 칼레이도 박스 주머니,1,레어,8bcda5578720a4dc56b1736ccbe06c0f,스태커블,75646f8fb522886186daf90888bcc605,부스터,0,0,1,960000,960000
2023-04-09 16:45:23,a1cdd9ffbfff08d867d07a86886c6b55,신비한 칼레이도 박스 주머니,1,레어,8bcda5578720a4dc56b1736ccbe06c0f,스태커블,75646f8fb522886186daf90888bcc605,부스터,0,0,2,1920000,960000
2023-04-09 16:36:50,a1cdd9ffbfff08d867d07a86886c6b55,신비한 칼레이도 박스 주머니,1,레어,8bcda5578720a4dc56b1736ccbe06c0f,스태커블,75646f8fb522886186daf90888bcc605,부스터,0,0,2,1930000,965000
2023-04-09 16:36:40,a1cdd9ffbfff08d867d07a86886c6b55,신비한 칼레이도 박스 주머니,1,레어,8bcda5578720a4dc56b1736ccbe06c0f,스태커블,75646f8fb522886186daf90888bcc605,부스터,0,0,1,965000,965000
2023-04-09 16:36:29,a1cdd9ffbfff08d867d07a86886c6b55,신비한 칼레이도 박스 주머니,1,레어,8bcda5578720a4dc56b1736ccbe06c0f,스태커블,75646f8fb522886186daf90888bcc605,부스터,0,0,1,965000,965000
2023-04-09 16:36:21,a1cdd9ffbfff08d867d07a86886c6b55,신비한 칼레이도 박스 주머니,1,레어,8bcda5578720a4dc56b1736ccbe06c0f,스태커블,75646f8fb522886186daf90888bcc605,부스터,0,0,1,965000,965000
2023-04-09 16:36:10,a1cdd9ffbfff08d867d07a86886c6b55,신비한 칼레이도 박스 주머니,1,레어,8bcda5578720a4dc56b1736ccbe06c0f,스태커블,75646f8fb522886186daf90888bcc605,부스터,0,0,1,965000,965000
2023-04-09 16:36:03,a1cdd9ffbfff08d867d07a86886c6b55,신비한 칼레이도 박스 주머니,1,레어,8bcda5578720a4dc56b1736ccbe06c0f,스태커블,75646f8fb522886186daf90888bcc605,부스터,0,0,2,1930000,965000
2023-04-09 16:36:00,a1cdd9ffbfff08d867d07a86886c6b55,신비한 칼레이도 박스 주머니,1,레어,8bcda5578720a4dc56b1736ccbe06c0f,스태커블,75646f8fb522886186daf90888bcc605,부스터,0,0,1,965000,965000
2023-04-09 16:35:55,a1cdd9ffbfff08d867d07a86886c6b55,신비한 칼레이도 박스 주머니,1,레어,8bcda5578720a4dc56b1736ccbe06c0f,스태커블,75646f8fb522886186daf90888bcc605,부스터,0,0,7,6755000,965000
2023-04-09 16:35:49,a1cdd9ffbfff08d867d07a86886c6b55,신비한 칼레이도 박스 주머니,1,레어,8bcda5578720a4dc56b1736ccbe06c0f,스태커블,75646f8fb522886186daf90888bcc605,부스터,0,0,1,965000,965000
2023-04-09 16:35:47,a1cdd9ffbfff08d867d07a86886c6b55,신비한 칼레이도 박스 주머니,1,레어,8bcda5578720a4dc56b1736ccbe06c0f,스태커블,75646f8fb522886186daf90888bcc605,부스터,0,0,2,1930000,965000
2023-04-09 16:35:26,a1cdd9ffbfff08d867d07a86886c6b55,신비한 칼레이도 박스 주머니,1,레어,8bcda5578720a4dc56b1736ccbe06c0f,스태커블,75646f8fb522886186daf90888bcc605,부스터,0,0,2,1930000,965000
2023-04-09 16:35:16,a1cdd9ffbfff08d867d07a86886c6b55,신비한 칼레이도 박스 주머니,1,레어,8bcda5578720a4dc56b1736ccbe06c0f,스태커블,75646f8fb522886186daf90888bcc605,부스터,0,0,1,965000,965000
2023-04-09 16:35:09,a1cdd9ffbfff08d867d07a86886c6b55,신비한 칼레이도 박스 주머니,1,레어,8bcda5578720a4dc56b1736ccbe06c0f,스태커블,75646f8fb522886186daf90888bcc605,부스터,0,0,1,965000,965000
2023-04-09 16:35:07,a1cdd9ffbfff08d867d07a86886c6b55,신비한 칼레이도 박스 주머니,1,레어,8bcda5578720a4dc56b1736ccbe06c0f,스태커블,75646f8fb522886186daf90888bcc605,부스터,0,0,3,2895000,965000
2023-04-09 16:34:53,a1cdd9ffbfff08d867d07a86886c6b55,신비한 칼레이도 박스 주머니,1,레어,8bcda5578720a4dc56b1736ccbe06c0f,스태커블,75646f8fb522886186daf90888bcc605,부스터,0,0,3,2895000,965000
2023-04-09 16:34:49,a1cdd9ffbfff08d867d07a86886c6b55,신비한 칼레이도 박스 주머니,1,레어,8bcda5578720a4dc56b1736ccbe06c0f,스태커블,75646f8fb522886186daf90888bcc605,부스터,0,0,1,965000,965000
2023-04-09 16:31:52,a1cdd9ffbfff08d867d07a86886c6b55,신비한 칼레이도 박스 주머니,1,레어,8bcda5578720a4dc56b1736ccbe06c0f,스태커블,75646f8fb522886186daf90888bcc605,부스터,0,0,2,1930000,965000
2023-04-09 16:31:50,a1cdd9ffbfff08d867d07a86886c6b55,신비한 칼레이도 박스 주머니,1,레어,8bcda5578720a4dc56b1736ccbe06c0f,스태커블,75646f8fb522886186daf90888bcc605,부스터,0,0,1,965000,965000
2023-04-09 16:31:46,a1cdd9ffbfff08d867d07a86886c6b55,신비한 칼레이도 박스 주머니,1,레어,8bcda5578720a4dc56b1736ccbe06c0f,스태커블,75646f8fb522886186daf90888bcc605,부스터,0,0,1,964200,964200
2023-04-09 16:30:06,a1cdd9ffbfff08d867d07a86886c6b55,신비한 칼레이도 박스 주머니,1,레어,8bcda5578720a4dc56b1736ccbe06c0f,스태커블,75646f8fb522886186daf90888bcc605,부스터,0,0,2,1928400,964200
2023-04-09 16:30:05,a1cdd9ffbfff08d867d07a86886c6b55,신비한 칼레이도 박스 주머니,1,레어,8bcda5578720a4dc56b1736ccbe06c0f,스태커블,75646f8fb522886186daf90888bcc605,부스터,0,0,1,964200,964200
2023-04-09 16:29:47,a1cdd9ffbfff08d867d07a86886c6b55,신비한 칼레이도 박스 주머니,1,레어,8bcda5578720a4dc56b1736ccbe06c0f,스태커블,75646f8fb522886186daf90888bcc605,부스터,0,0,2,1928400,964200
2023-04-09 16:29:12,a1cdd9ffbfff08d867d07a86886c6b55,신비한 칼레이도 박스 주머니,1,레어,8bcda5578720a4dc56b1736ccbe06c0f,스태커블,75646f8fb522886186daf90888bcc605,부스터,0,0,2,1930000,965000
2023-04-09 16:28:54,a1cdd9ffbfff08d867d07a86886c6b55,신비한 칼레이도 박스 주머니,1,레어,8bcda5578720a4dc56b1736ccbe06c0f,스태커블,75646f8fb522886186daf90888bcc605,부스터,0,0,2,1930000,965000
2023-04-09 16:27:46,a1cdd9ffbfff08d867d07a86886c6b55,신비한 칼레이도 박스 주머니,1,레어,8bcda5578720a4dc56b1736ccbe06c0f,스태커블,75646f8fb522886186daf90888bcc605,부스터,0,0,2,1931998,965999
2023-04-09 16:24:22,a1cdd9ffbfff08d867d07a86886c6b55,신비한 칼레이도 박스 주머니,1,레어,8bcda5578720a4dc56b1736ccbe06c0f,스태커블,75646f8fb522886186daf90888bcc605,부스터,0,0,2,1931998,965999
2023-04-09 16:23:57,a1cdd9ffbfff08d867d07a86886c6b55,신비한 칼레이도 박스 주머니,1,레어,8bcda5578720a4dc56b1736ccbe06c0f,스태커블,75646f8fb522886186daf90888bcc605,부스터,0,0,3,2897997,965999
2023-04-09 16:23:52,a1cdd9ffbfff08d867d07a86886c6b55,신비한 칼레이도 박스 주머니,1,레어,8bcda5578720a4dc56b1736ccbe06c0f,스태커블,75646f8fb522886186daf90888bcc605,부스터,0,0,2,1931998,965999
2023-04-09 16:23:40,a1cdd9ffbfff08d867d07a86886c6b55,신비한 칼레이도 박스 주머니,1,레어,8bcda5578720a4dc56b1736ccbe06c0f,스태커블,75646f8fb522886186daf90888bcc605,부스터,0,0,3,2897997,965999
2023-04-09 16:23:22,a1cdd9ffbfff08d867d07a86886c6b55,신비한 칼레이도 박스 주머니,1,레어,8bcda5578720a4dc56b1736ccbe06c0f,스태커블,75646f8fb522886186daf90888bcc605,부스터,0,0,1,965999,965999
2023-04-09 16:23:15,a1cdd9ffbfff08d867d07a86886c6b55,신비한 칼레이도 박스 주머니,1,레어,8bcda5578720a4dc56b1736ccbe06c0f,스태커블,75646f8fb522886186daf90888bcc605,부스터,0,0,2,1931998,965999
2023-04-09 16:23:09,a1cdd9ffbfff08d867d07a86886c6b55,신비한 칼레이도 박스 주머니,1,레어,8bcda5578720a4dc56b1736ccbe06c0f,스태커블,75646f8fb522886186daf90888bcc605,부스터,0,0,4,3863996,965999
2023-04-09 16:23:07,a1cdd9ffbfff08d867d07a86886c6b55,신비한 칼레이도 박스 주머니,1,레어,8bcda5578720a4dc56b1736ccbe06c0f,스태커블,75646f8fb522886186daf90888bcc605,부스터,0,0,5,4829995,965999
2023-04-09 16:23:05,a1cdd9ffbfff08d867d07a86886c6b55,신비한 칼레이도 박스 주머니,1,레어,8bcda5578720a4dc56b1736ccbe06c0f,스태커블,75646f8fb522886186daf90888bcc605,부스터,0,0,1,965999,965999
2023-04-09 16:22:43,a1cdd9ffbfff08d867d07a86886c6b55,신비한 칼레이도 박스 주머니,1,레어,8bcda5578720a4dc56b1736ccbe06c0f,스태커블,75646f8fb522886186daf90888bcc605,부스터,0,0,5,4829995,965999
2023-04-09 16:21:50,a1cdd9ffbfff08d867d07a86886c6b55,신비한 칼레이도 박스 주머니,1,레어,8bcda5578720a4dc56b1736ccbe06c0f,스태커블,75646f8fb522886186daf90888bcc605,부스터,0,0,3,2897997,965999
2023-04-09 16:19:39,a1cdd9ffbfff08d867d07a86886c6b55,신비한 칼레이도 박스 주머니,1,레어,8bcda5578720a4dc56b1736ccbe06c0f,스태커블,75646f8fb522886186daf90888bcc605,부스터,0,0,1,965999,965999
2023-04-09 16:19:16,a1cdd9ffbfff08d867d07a86886c6b55,신비한 칼레이도 박스 주머니,1,레어,8bcda5578720a4dc56b1736ccbe06c0f,스태커블,75646f8fb522886186daf90888bcc605,부스터,0,0,1,965999,965999
2023-04-09 16:19:07,a1cdd9ffbfff08d867d07a86886c6b55,신비한 칼레이도 박스 주머니,1,레어,8bcda5578720a4dc56b1736ccbe06c0f,스태커블,75646f8fb522886186daf90888bcc605,부스터,0,0,2,1931998,965999
2023-04-09 16:18:32,a1cdd9ffbfff08d867d07a86886c6b55,신비한 칼레이도 박스 주머니,1,레어,8bcda5578720a4dc56b1736ccbe06c0f,스태커블,75646f8fb522886186daf90888bcc605,부스터,0,0,5,4829995,965999
2023-04-09 16:18:28,a1cdd9ffbfff08d867d07a86886c6b55,신비한 칼레이도 박스 주머니,1,레어,8bcda5578720a4dc56b1736ccbe06c0f,스태커블,75646f8fb522886186daf90888bcc605,부스터,0,0,4,3863996,965999
2023-04-09 16:18:20,a1cdd9ffbfff08d867d07a86886c6b55,신비한 칼레이도 박스 주머니,1,레어,8bcda5578720a4dc56b1736ccbe06c0f,스태커블,75646f8fb522886186daf90888bcc605,부스터,0,0,2,1931998,965999
2023-04-09 16:18:13,a1cdd9ffbfff08d867d07a86886c6b55,신비한 칼레이도 박스 주머니,1,레어,8bcda5578720a4dc56b1736ccbe06c0f,스태커블,75646f8fb522886186daf90888bcc605,부스터,0,0,7,6755000,965000
2023-04-09 16:17:52,a1cdd9ffbfff08d867d07a86886c6b55,신비한 칼레이도 박스 주머니,1,레어,8bcda5578720a4dc56b1736ccbe06c0f,스태커블,75646f8fb522886186daf90888bcc605,부스터,0,0,5,4824995,964999
2023-04-09 16:16:13,a1cdd9ffbfff08d867d07a86886c6b55,신비한 칼레이도 박스 주머니,1,레어,8bcda5578720a4dc56b1736ccbe06c0f,스태커블,75646f8fb522886186daf90888bcc605,부스터,0,0,4,3800000,950000
2023-04-09 16:16:10,a1cdd9ffbfff08d867d07a86886c6b55,신비한 칼레이도 박스 주머니,1,레어,8bcda5578720a4dc56b1736ccbe06c0f,스태커블,75646f8fb522886186daf90888bcc605,부스터,0,0,5,4749995,949999
2023-04-09 16:12:59,a1cdd9ffbfff08d867d07a86886c6b55,신비한 칼레이도 박스 주머니,1,레어,8bcda5578720a4dc56b1736ccbe06c0f,스태커블,75646f8fb522886186daf90888bcc605,부스터,0,0,2,1930000,965000
2023-04-09 16:12:55,a1cdd9ffbfff08d867d07a86886c6b55,신비한 칼레이도 박스 주머니,1,레어,8bcda5578720a4dc56b1736ccbe06c0f,스태커블,75646f8fb522886186daf90888bcc605,부스터,0,0,1,965000,965000
2023-04-09 16:12:52,a1cdd9ffbfff08d867d07a86886c6b55,신비한 칼레이도 박스 주머니,1,레어,8bcda5578720a4dc56b1736ccbe06c0f,스태커블,75646f8fb522886186daf90888bcc605,부스터,0,0,2,1929000,964500
2023-04-09 16:12:19,a1cdd9ffbfff08d867d07a86886c6b55,신비한 칼레이도 박스 주머니,1,레어,8bcda5578720a4dc56b1736ccbe06c0f,스태커블,75646f8fb522886186daf90888bcc605,부스터,0,0,2,1929000,964500
2023-04-09 16:12:02,a1cdd9ffbfff08d867d07a86886c6b55,신비한 칼레이도 박스 주머니,1,레어,8bcda5578720a4dc56b1736ccbe06c0f,스태커블,75646f8fb522886186daf90888bcc605,부스터,0,0,2,1929000,964500
2023-04-09 16:11:51,a1cdd9ffbfff08d867d07a86886c6b55,신비한 칼레이도 박스 주머니,1,레어,8bcda5578720a4dc56b1736ccbe06c0f,스태커블,75646f8fb522886186daf90888bcc605,부스터,0,0,10,9659990,965999
2023-04-09 16:08:56,a1cdd9ffbfff08d867d07a86886c6b55,신비한 칼레이도 박스 주머니,1,레어,8bcda5578720a4dc56b1736ccbe06c0f,스태커블,75646f8fb522886186daf90888bcc605,부스터,0,0,2,1929000,964500
2023-04-09 16:08:32,a1cdd9ffbfff08d867d07a86886c6b55,신비한 칼레이도 박스 주머니,1,레어,8bcda5578720a4dc56b1736ccbe06c0f,스태커블,75646f8fb522886186daf90888bcc605,부스터,0,0,3,2893500,964500
2023-04-09 16:08:00,a1cdd9ffbfff08d867d07a86886c6b55,신비한 칼레이도 박스 주머니,1,레어,8bcda5578720a4dc56b1736ccbe06c0f,스태커블,75646f8fb522886186daf90888bcc605,부스터,0,0,1,964500,964500
2023-04-09 16:07:41,a1cdd9ffbfff08d867d07a86886c6b55,신비한 칼레이도 박스 주머니,1,레어,8bcda5578720a4dc56b1736ccbe06c0f,스태커블,75646f8fb522886186daf90888bcc605,부스터,0,0,1,964500,964500
2023-04-09 16:06:45,a1cdd9ffbfff08d867d07a86886c6b55,신비한 칼레이도 박스 주머니,1,레어,8bcda5578720a4dc56b1736ccbe06c0f,스태커블,75646f8fb522886186daf90888bcc605,부스터,0,0,2,1929000,964500
2023-04-09 16:06:14,a1cdd9ffbfff08d867d07a86886c6b55,신비한 칼레이도 박스 주머니,1,레어,8bcda5578720a4dc56b1736ccbe06c0f,스태커블,75646f8fb522886186daf90888bcc605,부스터,0,0,2,1929000,964500
2023-04-09 16:05:47,a1cdd9ffbfff08d867d07a86886c6b55,신비한 칼레이도 박스 주머니,1,레어,8bcda5578720a4dc56b1736ccbe06c0f,스태커블,75646f8fb522886186daf90888bcc605,부스터,0,0,2,1929000,964500
2023-04-09 16:04:39,a1cdd9ffbfff08d867d07a86886c6b55,신비한 칼레이도 박스 주머니,1,레어,8bcda5578720a4dc56b1736ccbe06c0f,스태커블,75646f8fb522886186daf90888bcc605,부스터,0,0,2,1929000,964500
2023-04-09 16:04:29,a1cdd9ffbfff08d867d07a86886c6b55,신비한 칼레이도 박스 주머니,1,레어,8bcda5578720a4dc56b1736ccbe06c0f,스태커블,75646f8fb522886186daf90888bcc605,부스터,0,0,1,964499,964499
2023-04-09 16:02:06,a1cdd9ffbfff08d867d07a86886c6b55,신비한 칼레이도 박스 주머니,1,레어,8bcda5578720a4dc56b1736ccbe06c0f,스태커블,75646f8fb522886186daf90888bcc605,부스터,0,0,1,964499,964499
2023-04-09 16:01:50,a1cdd9ffbfff08d867d07a86886c6b55,신비한 칼레이도 박스 주머니,1,레어,8bcda5578720a4dc56b1736ccbe06c0f,스태커블,75646f8fb522886186daf90888bcc605,부스터,0,0,1,964499,964499
2023-04-09 16:01:25,a1cdd9ffbfff08d867d07a86886c6b55,신비한 칼레이도 박스 주머니,1,레어,8bcda5578720a4dc56b1736ccbe06c0f,스태커블,75646f8fb522886186daf90888bcc605,부스터,0,0,1,964499,964499
2023-04-09 15:56:37,a1cdd9ffbfff08d867d07a86886c6b55,신비한 칼레이도 박스 주머니,1,레어,8bcda5578720a4dc56b1736ccbe06c0f,스태커블,75646f8fb522886186daf90888bcc605,부스터,0,0,1,966990,966990
2023-04-09 15:53:55,a1cdd9ffbfff08d867d07a86886c6b55,신비한 칼레이도 박스 주머니,1,레어,8bcda5578720a4dc56b1736ccbe06c0f,스태커블,75646f8fb522886186daf90888bcc605,부스터,0,0,4,3800000,950000
2023-04-09 15:53:36,a1cdd9ffbfff08d867d07a86886c6b55,신비한 칼레이도 박스 주머니,1,레어,8bcda5578720a4dc56b1736ccbe06c0f,스태커블,75646f8fb522886186daf90888bcc605,부스터,0,0,2,1930000,965000
2023-04-09 15:53:25,a1cdd9ffbfff08d867d07a86886c6b55,신비한 칼레이도 박스 주머니,1,레어,8bcda5578720a4dc56b1736ccbe06c0f,스태커블,75646f8fb522886186daf90888bcc605,부스터,0,0,1,960000,960000
2023-04-09 15:53:06,a1cdd9ffbfff08d867d07a86886c6b55,신비한 칼레이도 박스 주머니,1,레어,8bcda5578720a4dc56b1736ccbe06c0f,스태커블,75646f8fb522886186daf90888bcc605,부스터,0,0,1,960000,960000
2023-04-09 15:52:55,a1cdd9ffbfff08d867d07a86886c6b55,신비한 칼레이도 박스 주머니,1,레어,8bcda5578720a4dc56b1736ccbe06c0f,스태커블,75646f8fb522886186daf90888bcc605,부스터,0,0,1,960000,960000
2023-04-09 15:51:47,a1cdd9ffbfff08d867d07a86886c6b55,신비한 칼레이도 박스 주머니,1,레어,8bcda5578720a4dc56b1736ccbe06c0f,스태커블,75646f8fb522886186daf90888bcc605,부스터,0,0,2,1930000,965000
2023-04-09 15:51:21,a1cdd9ffbfff08d867d07a86886c6b55,신비한 칼레이도 박스 주머니,1,레어,8bcda5578720a4dc56b1736ccbe06c0f,스태커블,75646f8fb522886186daf90888bcc605,부스터,0,0,1,965000,965000
2023-04-09 15:50:53,a1cdd9ffbfff08d867d07a86886c6b55,신비한 칼레이도 박스 주머니,1,레어,8bcda5578720a4dc56b1736ccbe06c0f,스태커블,75646f8fb522886186daf90888bcc605,부스터,0,0,3,2895000,965000
2023-04-09 15:50:47,a1cdd9ffbfff08d867d07a86886c6b55,신비한 칼레이도 박스 주머니,1,레어,8bcda5578720a4dc56b1736ccbe06c0f,스태커블,75646f8fb522886186daf90888bcc605,부스터,0,0,1,965000,965000
2023-04-09 15:50:33,a1cdd9ffbfff08d867d07a86886c6b55,신비한 칼레이도 박스 주머니,1,레어,8bcda5578720a4dc56b1736ccbe06c0f,스태커블,75646f8fb522886186daf90888bcc605,부스터,0,0,1,965000,965000
2023-04-09 15:47:21,a1cdd9ffbfff08d867d07a86886c6b55,신비한 칼레이도 박스 주머니,1,레어,8bcda5578720a4dc56b1736ccbe06c0f,스태커블,75646f8fb522886186daf90888bcc605,부스터,0,0,2,1930000,965000
2023-04-09 15:46:31,a1cdd9ffbfff08d867d07a86886c6b55,신비한 칼레이도 박스 주머니,1,레어,8bcda5578720a4dc56b1736ccbe06c0f,스태커블,75646f8fb522886186daf90888bcc605,부스터,0,0,5,4825000,965000
2023-04-09 15:46:12,a1cdd9ffbfff08d867d07a86886c6b55,신비한 칼레이도 박스 주머니,1,레어,8bcda5578720a4dc56b1736ccbe06c0f,스태커블,75646f8fb522886186daf90888bcc605,부스터,0,0,2,1928000,964000
2023-04-09 15:45:56,a1cdd9ffbfff08d867d07a86886c6b55,신비한 칼레이도 박스 주머니,1,레어,8bcda5578720a4dc56b1736ccbe06c0f,스태커블,75646f8fb522886186daf90888bcc605,부스터,0,0,2,1928000,964000
2023-04-09 15:45:37,a1cdd9ffbfff08d867d07a86886c6b55,신비한 칼레이도 박스 주머니,1,레어,8bcda5578720a4dc56b1736ccbe06c0f,스태커블,75646f8fb522886186daf90888bcc605,부스터,0,0,2,1928000,964000
2023-04-09 15:45:08,a1cdd9ffbfff08d867d07a86886c6b55,신비한 칼레이도 박스 주머니,1,레어,8bcda5578720a4dc56b1736ccbe06c0f,스태커블,75646f8fb522886186daf90888bcc605,부스터,0,0,3,2892000,964000
2023-04-10 21:02:46,a1cdd9ffbfff08d867d07a86886c6b55,신비한 칼레이도 박스 주머니,1,레어,8bcda5578720a4dc56b1736ccbe06c0f,스태커블,75646f8fb522886186daf90888bcc605,부스터,0,0,10,9430000,943000
2023-04-10 21:01:57,a1cdd9ffbfff08d867d07a86886c6b55,신비한 칼레이도 박스 주머니,1,레어,8bcda5578720a4dc56b1736ccbe06c0f,스태커블,75646f8fb522886186daf90888bcc605,부스터,0,0,2,1884000,942000
2023-04-10 21:00:48,a1cdd9ffbfff08d867d07a86886c6b55,신비한 칼레이도 박스 주머니,1,레어,8bcda5578720a4dc56b1736ccbe06c0f,스태커블,75646f8fb522886186daf90888bcc605,부스터,0,0,2,1884000,942000
2023-04-10 21:00:18,a1cdd9ffbfff08d867d07a86886c6b55,신비한 칼레이도 박스 주머니,1,레어,8bcda5578720a4dc56b1736ccbe06c0f,스태커블,75646f8fb522886186daf90888bcc605,부스터,0,0,4,3764000,941000
2023-04-10 20:59:58,a1cdd9ffbfff08d867d07a86886c6b55,신비한 칼레이도 박스 주머니,1,레어,8bcda5578720a4dc56b1736ccbe06c0f,스태커블,75646f8fb522886186daf90888bcc605,부스터,0,0,7,6580000,940000
2023-04-10 20:59:02,a1cdd9ffbfff08d867d07a86886c6b55,신비한 칼레이도 박스 주머니,1,레어,8bcda5578720a4dc56b1736ccbe06c0f,스태커블,75646f8fb522886186daf90888bcc605,부스터,0,0,7,6587000,941000
2023-04-10 20:55:17,a1cdd9ffbfff08d867d07a86886c6b55,신비한 칼레이도 박스 주머니,1,레어,8bcda5578720a4dc56b1736ccbe06c0f,스태커블,75646f8fb522886186daf90888bcc605,부스터,0,0,2,1884000,942000
2023-04-10 20:54:56,a1cdd9ffbfff08d867d07a86886c6b55,신비한 칼레이도 박스 주머니,1,레어,8bcda5578720a4dc56b1736ccbe06c0f,스태커블,75646f8fb522886186daf90888bcc605,부스터,0,0,2,1884000,942000
2023-04-10 20:53:32,a1cdd9ffbfff08d867d07a86886c6b55,신비한 칼레이도 박스 주머니,1,레어,8bcda5578720a4dc56b1736ccbe06c0f,스태커블,75646f8fb522886186daf90888bcc605,부스터,0,0,1,943000,943000
2023-04-10 20:52:15,a1cdd9ffbfff08d867d07a86886c6b55,신비한 칼레이도 박스 주머니,1,레어,8bcda5578720a4dc56b1736ccbe06c0f,스태커블,75646f8fb522886186daf90888bcc605,부스터,0,0,10,9450000,945000
2023-04-10 20:49:42,a1cdd9ffbfff08d867d07a86886c6b55,신비한 칼레이도 박스 주머니,1,레어,8bcda5578720a4dc56b1736ccbe06c0f,스태커블,75646f8fb522886186daf90888bcc605,부스터,0,0,61,56120000,920000
2023-04-10 20:48:58,a1cdd9ffbfff08d867d07a86886c6b55,신비한 칼레이도 박스 주머니,1,레어,8bcda5578720a4dc56b1736ccbe06c0f,스태커블,75646f8fb522886186daf90888bcc605,부스터,0,0,2,1840000,920000
2023-04-10 20:48:13,a1cdd9ffbfff08d867d07a86886c6b55,신비한 칼레이도 박스 주머니,1,레어,8bcda5578720a4dc56b1736ccbe06c0f,스태커블,75646f8fb522886186daf90888bcc605,부스터,0,0,1,920000,920000
2023-04-10 20:46:02,a1cdd9ffbfff08d867d07a86886c6b55,신비한 칼레이도 박스 주머니,1,레어,8bcda5578720a4dc56b1736ccbe06c0f,스태커블,75646f8fb522886186daf90888bcc605,부스터,0,0,2,1840000,920000
2023-04-10 20:43:37,a1cdd9ffbfff08d867d07a86886c6b55,신비한 칼레이도 박스 주머니,1,레어,8bcda5578720a4dc56b1736ccbe06c0f,스태커블,75646f8fb522886186daf90888bcc605,부스터,0,0,10,9450000,945000
2023-04-10 20:42:36,a1cdd9ffbfff08d867d07a86886c6b55,신비한 칼레이도 박스 주머니,1,레어,8bcda5578720a4dc56b1736ccbe06c0f,스태커블,75646f8fb522886186daf90888bcc605,부스터,0,0,1,945000,945000
2023-04-10 20:42:21,a1cdd9ffbfff08d867d07a86886c6b55,신비한 칼레이도 박스 주머니,1,레어,8bcda5578720a4dc56b1736ccbe06c0f,스태커블,75646f8fb522886186daf90888bcc605,부스터,0,0,1,945000,945000
2023-04-10 20:40:58,a1cdd9ffbfff08d867d07a86886c6b55,신비한 칼레이도 박스 주머니,1,레어,8bcda5578720a4dc56b1736ccbe06c0f,스태커블,75646f8fb522886186daf90888bcc605,부스터,0,0,2,1900000,950000
2023-04-10 20:37:04,a1cdd9ffbfff08d867d07a86886c6b55,신비한 칼레이도 박스 주머니,1,레어,8bcda5578720a4dc56b1736ccbe06c0f,스태커블,75646f8fb522886186daf90888bcc605,부스터,0,0,2,1909998,954999
2023-04-10 20:36:53,a1cdd9ffbfff08d867d07a86886c6b55,신비한 칼레이도 박스 주머니,1,레어,8bcda5578720a4dc56b1736ccbe06c0f,스태커블,75646f8fb522886186daf90888bcc605,부스터,0,0,5,4774995,954999
2023-04-10 20:35:18,a1cdd9ffbfff08d867d07a86886c6b55,신비한 칼레이도 박스 주머니,1,레어,8bcda5578720a4dc56b1736ccbe06c0f,스태커블,75646f8fb522886186daf90888bcc605,부스터,0,0,5,4774995,954999
2023-04-10 20:33:15,a1cdd9ffbfff08d867d07a86886c6b55,신비한 칼레이도 박스 주머니,1,레어,8bcda5578720a4dc56b1736ccbe06c0f,스태커블,75646f8fb522886186daf90888bcc605,부스터,0,0,2,1909998,954999
2023-04-10 20:32:57,a1cdd9ffbfff08d867d07a86886c6b55,신비한 칼레이도 박스 주머니,1,레어,8bcda5578720a4dc56b1736ccbe06c0f,스태커블,75646f8fb522886186daf90888bcc605,부스터,0,0,1,954999,954999
2023-04-10 20:32:29,a1cdd9ffbfff08d867d07a86886c6b55,신비한 칼레이도 박스 주머니,1,레어,8bcda5578720a4dc56b1736ccbe06c0f,스태커블,75646f8fb522886186daf90888bcc605,부스터,0,0,193,183330507,949899
2023-04-10 20:32:11,a1cdd9ffbfff08d867d07a86886c6b55,신비한 칼레이도 박스 주머니,1,레어,8bcda5578720a4dc56b1736ccbe06c0f,스태커블,75646f8fb522886186daf90888bcc605,부스터,0,0,5,4749495,949899
2023-04-10 20:31:51,a1cdd9ffbfff08d867d07a86886c6b55,신비한 칼레이도 박스 주머니,1,레어,8bcda5578720a4dc56b1736ccbe06c0f,스태커블,75646f8fb522886186daf90888bcc605,부스터,0,0,185,176582500,954500
2023-04-10 20:31:51,a1cdd9ffbfff08d867d07a86886c6b55,신비한 칼레이도 박스 주머니,1,레어,8bcda5578720a4dc56b1736ccbe06c0f,스태커블,75646f8fb522886186daf90888bcc605,부스터,0,0,155,147947345,954499
2023-04-10 20:31:51,a1cdd9ffbfff08d867d07a86886c6b55,신비한 칼레이도 박스 주머니,1,레어,8bcda5578720a4dc56b1736ccbe06c0f,스태커블,75646f8fb522886186daf90888bcc605,부스터,0,0,148,140600000,950000
2023-04-10 20:31:51,a1cdd9ffbfff08d867d07a86886c6b55,신비한 칼레이도 박스 주머니,1,레어,8bcda5578720a4dc56b1736ccbe06c0f,스태커블,75646f8fb522886186daf90888bcc605,부스터,0,0,36,34196400,949900
2023-04-10 20:31:43,a1cdd9ffbfff08d867d07a86886c6b55,신비한 칼레이도 박스 주머니,1,레어,8bcda5578720a4dc56b1736ccbe06c0f,스태커블,75646f8fb522886186daf90888bcc605,부스터,0,0,3,2849700,949900
2023-04-10 20:29:57,a1cdd9ffbfff08d867d07a86886c6b55,신비한 칼레이도 박스 주머니,1,레어,8bcda5578720a4dc56b1736ccbe06c0f,스태커블,75646f8fb522886186daf90888bcc605,부스터,0,0,1,949900,949900
2023-04-10 20:29:46,a1cdd9ffbfff08d867d07a86886c6b55,신비한 칼레이도 박스 주머니,1,레어,8bcda5578720a4dc56b1736ccbe06c0f,스태커블,75646f8fb522886186daf90888bcc605,부스터,0,0,1,949900,949900
2023-04-10 20:29:34,a1cdd9ffbfff08d867d07a86886c6b55,신비한 칼레이도 박스 주머니,1,레어,8bcda5578720a4dc56b1736ccbe06c0f,스태커블,75646f8fb522886186daf90888bcc605,부스터,0,0,1,949900,949900
2023-04-10 20:28:44,a1cdd9ffbfff08d867d07a86886c6b55,신비한 칼레이도 박스 주머니,1,레어,8bcda5578720a4dc56b1736ccbe06c0f,스태커블,75646f8fb522886186daf90888bcc605,부스터,0,0,2,1899800,949900
2023-04-10 20:28:23,a1cdd9ffbfff08d867d07a86886c6b55,신비한 칼레이도 박스 주머니,1,레어,8bcda5578720a4dc56b1736ccbe06c0f,스태커블,75646f8fb522886186daf90888bcc605,부스터,0,0,2,1899800,949900
2023-04-10 20:27:18,a1cdd9ffbfff08d867d07a86886c6b55,신비한 칼레이도 박스 주머니,1,레어,8bcda5578720a4dc56b1736ccbe06c0f,스태커블,75646f8fb522886186daf90888bcc605,부스터,0,0,1,949900,949900
2023-04-10 20:27:10,a1cdd9ffbfff08d867d07a86886c6b55,신비한 칼레이도 박스 주머니,1,레어,8bcda5578720a4dc56b1736ccbe06c0f,스태커블,75646f8fb522886186daf90888bcc605,부스터,0,0,2,1899800,949900
2023-04-10 20:27:03,a1cdd9ffbfff08d867d07a86886c6b55,신비한 칼레이도 박스 주머니,1,레어,8bcda5578720a4dc56b1736ccbe06c0f,스태커블,75646f8fb522886186daf90888bcc605,부스터,0,0,1,949900,949900
2023-04-10 20:26:04,a1cdd9ffbfff08d867d07a86886c6b55,신비한 칼레이도 박스 주머니,1,레어,8bcda5578720a4dc56b1736ccbe06c0f,스태커블,75646f8fb522886186daf90888bcc605,부스터,0,0,5,4750000,950000
2023-04-10 20:25:59,a1cdd9ffbfff08d867d07a86886c6b55,신비한 칼레이도 박스 주머니,1,레어,8bcda5578720a4dc56b1736ccbe06c0f,스태커블,75646f8fb522886186daf90888bcc605,부스터,0,0,2,1890000,945000
2023-04-10 20:25:44,a1cdd9ffbfff08d867d07a86886c6b55,신비한 칼레이도 박스 주머니,1,레어,8bcda5578720a4dc56b1736ccbe06c0f,스태커블,75646f8fb522886186daf90888bcc605,부스터,0,0,5,4750000,950000
2023-04-10 20:25:07,a1cdd9ffbfff08d867d07a86886c6b55,신비한 칼레이도 박스 주머니,1,레어,8bcda5578720a4dc56b1736ccbe06c0f,스태커블,75646f8fb522886186daf90888bcc605,부스터,0,0,1,945000,945000
2023-04-10 20:24:54,a1cdd9ffbfff08d867d07a86886c6b55,신비한 칼레이도 박스 주머니,1,레어,8bcda5578720a4dc56b1736ccbe06c0f,스태커블,75646f8fb522886186daf90888bcc605,부스터,0,0,5,4725000,945000
2023-04-10 20:24:48,a1cdd9ffbfff08d867d07a86886c6b55,신비한 칼레이도 박스 주머니,1,레어,8bcda5578720a4dc56b1736ccbe06c0f,스태커블,75646f8fb522886186daf90888bcc605,부스터,0,0,1,945000,945000
2023-04-10 20:24:26,a1cdd9ffbfff08d867d07a86886c6b55,신비한 칼레이도 박스 주머니,1,레어,8bcda5578720a4dc56b1736ccbe06c0f,스태커블,75646f8fb522886186daf90888bcc605,부스터,0,0,3,2790000,930000
2023-04-10 20:24:22,a1cdd9ffbfff08d867d07a86886c6b55,신비한 칼레이도 박스 주머니,1,레어,8bcda5578720a4dc56b1736ccbe06c0f,스태커블,75646f8fb522886186daf90888bcc605,부스터,0,0,4,3720000,930000
2023-04-10 20:24:07,a1cdd9ffbfff08d867d07a86886c6b55,신비한 칼레이도 박스 주머니,1,레어,8bcda5578720a4dc56b1736ccbe06c0f,스태커블,75646f8fb522886186daf90888bcc605,부스터,0,0,1,930000,930000
2023-04-10 20:24:04,a1cdd9ffbfff08d867d07a86886c6b55,신비한 칼레이도 박스 주머니,1,레어,8bcda5578720a4dc56b1736ccbe06c0f,스태커블,75646f8fb522886186daf90888bcc605,부스터,0,0,1,930000,930000
2023-04-10 20:23:47,a1cdd9ffbfff08d867d07a86886c6b55,신비한 칼레이도 박스 주머니,1,레어,8bcda5578720a4dc56b1736ccbe06c0f,스태커블,75646f8fb522886186daf90888bcc605,부스터,0,0,1,930000,930000
2023-04-10 20:23:27,a1cdd9ffbfff08d867d07a86886c6b55,신비한 칼레이도 박스 주머니,1,레어,8bcda5578720a4dc56b1736ccbe06c0f,스태커블,75646f8fb522886186daf90888bcc605,부스터,0,0,1,930000,930000
2023-04-10 20:18:39,a1cdd9ffbfff08d867d07a86886c6b55,신비한 칼레이도 박스 주머니,1,레어,8bcda5578720a4dc56b1736ccbe06c0f,스태커블,75646f8fb522886186daf90888bcc605,부스터,0,0,3,2859000,953000
2023-04-10 20:18:25,a1cdd9ffbfff08d867d07a86886c6b55,신비한 칼레이도 박스 주머니,1,레어,8bcda5578720a4dc56b1736ccbe06c0f,스태커블,75646f8fb522886186daf90888bcc605,부스터,0,0,1,953000,953000
2023-04-10 20:18:20,a1cdd9ffbfff08d867d07a86886c6b55,신비한 칼레이도 박스 주머니,1,레어,8bcda5578720a4dc56b1736ccbe06c0f,스태커블,75646f8fb522886186daf90888bcc605,부스터,0,0,1,952000,952000
2023-04-10 20:16:30,a1cdd9ffbfff08d867d07a86886c6b55,신비한 칼레이도 박스 주머니,1,레어,8bcda5578720a4dc56b1736ccbe06c0f,스태커블,75646f8fb522886186daf90888bcc605,부스터,0,0,5,4765000,953000
2023-04-10 20:15:26,a1cdd9ffbfff08d867d07a86886c6b55,신비한 칼레이도 박스 주머니,1,레어,8bcda5578720a4dc56b1736ccbe06c0f,스태커블,75646f8fb522886186daf90888bcc605,부스터,0,0,2,1906000,953000
2023-04-10 20:15:19,a1cdd9ffbfff08d867d07a86886c6b55,신비한 칼레이도 박스 주머니,1,레어,8bcda5578720a4dc56b1736ccbe06c0f,스태커블,75646f8fb522886186daf90888bcc605,부스터,0,0,5,4765000,953000
2023-04-10 20:14:54,a1cdd9ffbfff08d867d07a86886c6b55,신비한 칼레이도 박스 주머니,1,레어,8bcda5578720a4dc56b1736ccbe06c0f,스태커블,75646f8fb522886186daf90888bcc605,부스터,0,0,1,954500,954500
2023-04-10 20:14:40,a1cdd9ffbfff08d867d07a86886c6b55,신비한 칼레이도 박스 주머니,1,레어,8bcda5578720a4dc56b1736ccbe06c0f,스태커블,75646f8fb522886186daf90888bcc605,부스터,0,0,1,954500,954500
2023-04-10 20:13:32,a1cdd9ffbfff08d867d07a86886c6b55,신비한 칼레이도 박스 주머니,1,레어,8bcda5578720a4dc56b1736ccbe06c0f,스태커블,75646f8fb522886186daf90888bcc605,부스터,0,0,1,954500,954500
2023-04-10 20:13:21,a1cdd9ffbfff08d867d07a86886c6b55,신비한 칼레이도 박스 주머니,1,레어,8bcda5578720a4dc56b1736ccbe06c0f,스태커블,75646f8fb522886186daf90888bcc605,부스터,0,0,8,7632000,954000
2023-04-10 20:13:17,a1cdd9ffbfff08d867d07a86886c6b55,신비한 칼레이도 박스 주머니,1,레어,8bcda5578720a4dc56b1736ccbe06c0f,스태커블,75646f8fb522886186daf90888bcc605,부스터,0,0,1,954000,954000
2023-04-10 20:13:04,a1cdd9ffbfff08d867d07a86886c6b55,신비한 칼레이도 박스 주머니,1,레어,8bcda5578720a4dc56b1736ccbe06c0f,스태커블,75646f8fb522886186daf90888bcc605,부스터,0,0,1,954000,954000
2023-04-10 20:12:02,a1cdd9ffbfff08d867d07a86886c6b55,신비한 칼레이도 박스 주머니,1,레어,8bcda5578720a4dc56b1736ccbe06c0f,스태커블,75646f8fb522886186daf90888bcc605,부스터,0,0,2,1909000,954500
2023-04-10 20:11:40,a1cdd9ffbfff08d867d07a86886c6b55,신비한 칼레이도 박스 주머니,1,레어,8bcda5578720a4dc56b1736ccbe06c0f,스태커블,75646f8fb522886186daf90888bcc605,부스터,0,0,2,1908998,954499
2023-04-10 20:09:51,a1cdd9ffbfff08d867d07a86886c6b55,신비한 칼레이도 박스 주머니,1,레어,8bcda5578720a4dc56b1736ccbe06c0f,스태커블,75646f8fb522886186daf90888bcc605,부스터,0,0,20,19089960,954498
2023-04-10 20:09:43,a1cdd9ffbfff08d867d07a86886c6b55,신비한 칼레이도 박스 주머니,1,레어,8bcda5578720a4dc56b1736ccbe06c0f,스태커블,75646f8fb522886186daf90888bcc605,부스터,0,0,4,3817992,954498
2023-04-10 20:08:35,a1cdd9ffbfff08d867d07a86886c6b55,신비한 칼레이도 박스 주머니,1,레어,8bcda5578720a4dc56b1736ccbe06c0f,스태커블,75646f8fb522886186daf90888bcc605,부스터,0,0,10,9545000,954500
2023-04-10 20:05:48,a1cdd9ffbfff08d867d07a86886c6b55,신비한 칼레이도 박스 주머니,1,레어,8bcda5578720a4dc56b1736ccbe06c0f,스태커블,75646f8fb522886186daf90888bcc605,부스터,0,0,2,1909998,954999
2023-04-10 20:05:29,a1cdd9ffbfff08d867d07a86886c6b55,신비한 칼레이도 박스 주머니,1,레어,8bcda5578720a4dc56b1736ccbe06c0f,스태커블,75646f8fb522886186daf90888bcc605,부스터,0,0,2,1909998,954999
2023-04-10 20:05:02,a1cdd9ffbfff08d867d07a86886c6b55,신비한 칼레이도 박스 주머니,1,레어,8bcda5578720a4dc56b1736ccbe06c0f,스태커블,75646f8fb522886186daf90888bcc605,부스터,0,0,2,1909998,954999
2023-04-10 20:03:56,a1cdd9ffbfff08d867d07a86886c6b55,신비한 칼레이도 박스 주머니,1,레어,8bcda5578720a4dc56b1736ccbe06c0f,스태커블,75646f8fb522886186daf90888bcc605,부스터,0,0,1,954999,954999
2023-04-10 20:03:50,a1cdd9ffbfff08d867d07a86886c6b55,신비한 칼레이도 박스 주머니,1,레어,8bcda5578720a4dc56b1736ccbe06c0f,스태커블,75646f8fb522886186daf90888bcc605,부스터,0,0,1,945000,945000
2023-04-10 20:03:44,a1cdd9ffbfff08d867d07a86886c6b55,신비한 칼레이도 박스 주머니,1,레어,8bcda5578720a4dc56b1736ccbe06c0f,스태커블,75646f8fb522886186daf90888bcc605,부스터,0,0,1,945000,945000
2023-04-10 20:03:39,a1cdd9ffbfff08d867d07a86886c6b55,신비한 칼레이도 박스 주머니,1,레어,8bcda5578720a4dc56b1736ccbe06c0f,스태커블,75646f8fb522886186daf90888bcc605,부스터,0,0,1,945000,945000
2023-04-10 20:03:26,a1cdd9ffbfff08d867d07a86886c6b55,신비한 칼레이도 박스 주머니,1,레어,8bcda5578720a4dc56b1736ccbe06c0f,스태커블,75646f8fb522886186daf90888bcc605,부스터,0,0,1,945000,945000
2023-04-10 20:03:00,a1cdd9ffbfff08d867d07a86886c6b55,신비한 칼레이도 박스 주머니,1,레어,8bcda5578720a4dc56b1736ccbe06c0f,스태커블,75646f8fb522886186daf90888bcc605,부스터,0,0,2,1890000,945000
2023-04-10 20:02:58,a1cdd9ffbfff08d867d07a86886c6b55,신비한 칼레이도 박스 주머니,1,레어,8bcda5578720a4dc56b1736ccbe06c0f,스태커블,75646f8fb522886186daf90888bcc605,부스터,0,0,2,1890000,945000
2023-04-10 20:02:39,a1cdd9ffbfff08d867d07a86886c6b55,신비한 칼레이도 박스 주머니,1,레어,8bcda5578720a4dc56b1736ccbe06c0f,스태커블,75646f8fb522886186daf90888bcc605,부스터,0,0,1,945000,945000
2023-04-10 20:02:24,a1cdd9ffbfff08d867d07a86886c6b55,신비한 칼레이도 박스 주머니,1,레어,8bcda5578720a4dc56b1736ccbe06c0f,스태커블,75646f8fb522886186daf90888bcc605,부스터,0,0,1,945000,945000
2023-04-10 20:02:18,a1cdd9ffbfff08d867d07a86886c6b55,신비한 칼레이도 박스 주머니,1,레어,8bcda5578720a4dc56b1736ccbe06c0f,스태커블,75646f8fb522886186daf90888bcc605,부스터,0,0,1,945000,945000
2023-04-10 20:02:10,a1cdd9ffbfff08d867d07a86886c6b55,신비한 칼레이도 박스 주머니,1,레어,8bcda5578720a4dc56b1736ccbe06c0f,스태커블,75646f8fb522886186daf90888bcc605,부스터,0,0,3,2835000,945000
2023-04-10 20:01:58,a1cdd9ffbfff08d867d07a86886c6b55,신비한 칼레이도 박스 주머니,1,레어,8bcda5578720a4dc56b1736ccbe06c0f,스태커블,75646f8fb522886186daf90888bcc605,부스터,0,0,5,4725000,945000
2023-04-10 19:58:40,a1cdd9ffbfff08d867d07a86886c6b55,신비한 칼레이도 박스 주머니,1,레어,8bcda5578720a4dc56b1736ccbe06c0f,스태커블,75646f8fb522886186daf90888bcc605,부스터,0,0,3,2835000,945000
2023-04-10 19:55:20,a1cdd9ffbfff08d867d07a86886c6b55,신비한 칼레이도 박스 주머니,1,레어,8bcda5578720a4dc56b1736ccbe06c0f,스태커블,75646f8fb522886186daf90888bcc605,부스터,0,0,25,23333325,933333
2023-04-10 19:55:18,a1cdd9ffbfff08d867d07a86886c6b55,신비한 칼레이도 박스 주머니,1,레어,8bcda5578720a4dc56b1736ccbe06c0f,스태커블,75646f8fb522886186daf90888bcc605,부스터,0,0,25,23333275,933331
2023-04-10 19:55:07,a1cdd9ffbfff08d867d07a86886c6b55,신비한 칼레이도 박스 주머니,1,레어,8bcda5578720a4dc56b1736ccbe06c0f,스태커블,75646f8fb522886186daf90888bcc605,부스터,0,0,2,1866664,933332
2023-04-10 19:52:29,a1cdd9ffbfff08d867d07a86886c6b55,신비한 칼레이도 박스 주머니,1,레어,8bcda5578720a4dc56b1736ccbe06c0f,스태커블,75646f8fb522886186daf90888bcc605,부스터,0,0,1,933333,933333
2023-04-10 19:52:13,a1cdd9ffbfff08d867d07a86886c6b55,신비한 칼레이도 박스 주머니,1,레어,8bcda5578720a4dc56b1736ccbe06c0f,스태커블,75646f8fb522886186daf90888bcc605,부스터,0,0,1,933333,933333
2023-04-10 19:50:56,a1cdd9ffbfff08d867d07a86886c6b55,신비한 칼레이도 박스 주머니,1,레어,8bcda5578720a4dc56b1736ccbe06c0f,스태커블,75646f8fb522886186daf90888bcc605,부스터,0,0,1,940000,940000
2023-04-10 19:50:06,a1cdd9ffbfff08d867d07a86886c6b55,신비한 칼레이도 박스 주머니,1,레어,8bcda5578720a4dc56b1736ccbe06c0f,스태커블,75646f8fb522886186daf90888bcc605,부스터,0,0,1,945000,945000
2023-04-10 19:49:05,a1cdd9ffbfff08d867d07a86886c6b55,신비한 칼레이도 박스 주머니,1,레어,8bcda5578720a4dc56b1736ccbe06c0f,스태커블,75646f8fb522886186daf90888bcc605,부스터,0,0,1,945000,945000
2023-04-10 19:48:40,a1cdd9ffbfff08d867d07a86886c6b55,신비한 칼레이도 박스 주머니,1,레어,8bcda5578720a4dc56b1736ccbe06c0f,스태커블,75646f8fb522886186daf90888bcc605,부스터,0,0,1,945000,945000
2023-04-10 19:48:25,a1cdd9ffbfff08d867d07a86886c6b55,신비한 칼레이도 박스 주머니,1,레어,8bcda5578720a4dc56b1736ccbe06c0f,스태커블,75646f8fb522886186daf90888bcc605,부스터,0,0,1,945000,945000
2023-04-10 19:46:45,a1cdd9ffbfff08d867d07a86886c6b55,신비한 칼레이도 박스 주머니,1,레어,8bcda5578720a4dc56b1736ccbe06c0f,스태커블,75646f8fb522886186daf90888bcc605,부스터,0,0,2,1890000,945000
2023-04-10 19:46:39,a1cdd9ffbfff08d867d07a86886c6b55,신비한 칼레이도 박스 주머니,1,레어,8bcda5578720a4dc56b1736ccbe06c0f,스태커블,75646f8fb522886186daf90888bcc605,부스터,0,0,2,1890000,945000
2023-04-10 19:45:30,a1cdd9ffbfff08d867d07a86886c6b55,신비한 칼레이도 박스 주머니,1,레어,8bcda5578720a4dc56b1736ccbe06c0f,스태커블,75646f8fb522886186daf90888bcc605,부스터,0,0,9,8415000,935000
2023-04-10 19:45:22,a1cdd9ffbfff08d867d07a86886c6b55,신비한 칼레이도 박스 주머니,1,레어,8bcda5578720a4dc56b1736ccbe06c0f,스태커블,75646f8fb522886186daf90888bcc605,부스터,0,0,119,111265000,935000
2023-04-10 19:45:20,a1cdd9ffbfff08d867d07a86886c6b55,신비한 칼레이도 박스 주머니,1,레어,8bcda5578720a4dc56b1736ccbe06c0f,스태커블,75646f8fb522886186daf90888bcc605,부스터,0,0,2,1840000,920000
2023-04-10 19:44:06,a1cdd9ffbfff08d867d07a86886c6b55,신비한 칼레이도 박스 주머니,1,레어,8bcda5578720a4dc56b1736ccbe06c0f,스태커블,75646f8fb522886186daf90888bcc605,부스터,0,0,2,1870000,935000
2023-04-10 19:41:16,a1cdd9ffbfff08d867d07a86886c6b55,신비한 칼레이도 박스 주머니,1,레어,8bcda5578720a4dc56b1736ccbe06c0f,스태커블,75646f8fb522886186daf90888bcc605,부스터,0,0,2,1870000,935000
2023-04-11 20:15:20,a1cdd9ffbfff08d867d07a86886c6b55,신비한 칼레이도 박스 주머니,1,레어,8bcda5578720a4dc56b1736ccbe06c0f,스태커블,75646f8fb522886186daf90888bcc605,부스터,0,0,3,2768997,922999
2023-04-11 20:15:02,a1cdd9ffbfff08d867d07a86886c6b55,신비한 칼레이도 박스 주머니,1,레어,8bcda5578720a4dc56b1736ccbe06c0f,스태커블,75646f8fb522886186daf90888bcc605,부스터,0,0,3,2768997,922999
2023-04-11 20:14:29,a1cdd9ffbfff08d867d07a86886c6b55,신비한 칼레이도 박스 주머니,1,레어,8bcda5578720a4dc56b1736ccbe06c0f,스태커블,75646f8fb522886186daf90888bcc605,부스터,0,0,1,923000,923000
2023-04-11 20:13:55,a1cdd9ffbfff08d867d07a86886c6b55,신비한 칼레이도 박스 주머니,1,레어,8bcda5578720a4dc56b1736ccbe06c0f,스태커블,75646f8fb522886186daf90888bcc605,부스터,0,0,2,1846000,923000
2023-04-11 20:13:52,a1cdd9ffbfff08d867d07a86886c6b55,신비한 칼레이도 박스 주머니,1,레어,8bcda5578720a4dc56b1736ccbe06c0f,스태커블,75646f8fb522886186daf90888bcc605,부스터,0,0,1,923000,923000
2023-04-11 20:13:39,a1cdd9ffbfff08d867d07a86886c6b55,신비한 칼레이도 박스 주머니,1,레어,8bcda5578720a4dc56b1736ccbe06c0f,스태커블,75646f8fb522886186daf90888bcc605,부스터,0,0,1,923000,923000
2023-04-11 20:12:52,a1cdd9ffbfff08d867d07a86886c6b55,신비한 칼레이도 박스 주머니,1,레어,8bcda5578720a4dc56b1736ccbe06c0f,스태커블,75646f8fb522886186daf90888bcc605,부스터,0,0,5,4615000,923000
2023-04-11 20:12:36,a1cdd9ffbfff08d867d07a86886c6b55,신비한 칼레이도 박스 주머니,1,레어,8bcda5578720a4dc56b1736ccbe06c0f,스태커블,75646f8fb522886186daf90888bcc605,부스터,0,0,1,923000,923000
2023-04-11 20:11:28,a1cdd9ffbfff08d867d07a86886c6b55,신비한 칼레이도 박스 주머니,1,레어,8bcda5578720a4dc56b1736ccbe06c0f,스태커블,75646f8fb522886186daf90888bcc605,부스터,0,0,2,1846000,923000
2023-04-11 20:04:51,a1cdd9ffbfff08d867d07a86886c6b55,신비한 칼레이도 박스 주머니,1,레어,8bcda5578720a4dc56b1736ccbe06c0f,스태커블,75646f8fb522886186daf90888bcc605,부스터,0,0,2,1847000,923500
2023-04-11 20:03:03,a1cdd9ffbfff08d867d07a86886c6b55,신비한 칼레이도 박스 주머니,1,레어,8bcda5578720a4dc56b1736ccbe06c0f,스태커블,75646f8fb522886186daf90888bcc605,부스터,0,0,4,3692000,923000
2023-04-11 20:02:04,a1cdd9ffbfff08d867d07a86886c6b55,신비한 칼레이도 박스 주머니,1,레어,8bcda5578720a4dc56b1736ccbe06c0f,스태커블,75646f8fb522886186daf90888bcc605,부스터,0,0,1,923500,923500
2023-04-11 20:01:06,a1cdd9ffbfff08d867d07a86886c6b55,신비한 칼레이도 박스 주머니,1,레어,8bcda5578720a4dc56b1736ccbe06c0f,스태커블,75646f8fb522886186daf90888bcc605,부스터,0,0,3,2772000,924000
2023-04-11 20:00:38,a1cdd9ffbfff08d867d07a86886c6b55,신비한 칼레이도 박스 주머니,1,레어,8bcda5578720a4dc56b1736ccbe06c0f,스태커블,75646f8fb522886186daf90888bcc605,부스터,0,0,1,924000,924000
2023-04-11 19:57:51,a1cdd9ffbfff08d867d07a86886c6b55,신비한 칼레이도 박스 주머니,1,레어,8bcda5578720a4dc56b1736ccbe06c0f,스태커블,75646f8fb522886186daf90888bcc605,부스터,0,0,2,1848000,924000
2023-04-11 19:56:06,a1cdd9ffbfff08d867d07a86886c6b55,신비한 칼레이도 박스 주머니,1,레어,8bcda5578720a4dc56b1736ccbe06c0f,스태커블,75646f8fb522886186daf90888bcc605,부스터,0,0,1,925200,925200
2023-04-11 19:55:55,a1cdd9ffbfff08d867d07a86886c6b55,신비한 칼레이도 박스 주머니,1,레어,8bcda5578720a4dc56b1736ccbe06c0f,스태커블,75646f8fb522886186daf90888bcc605,부스터,0,0,10,9252000,925200
2023-04-11 19:55:23,a1cdd9ffbfff08d867d07a86886c6b55,신비한 칼레이도 박스 주머니,1,레어,8bcda5578720a4dc56b1736ccbe06c0f,스태커블,75646f8fb522886186daf90888bcc605,부스터,0,0,1,925200,925200
2023-04-11 19:55:19,a1cdd9ffbfff08d867d07a86886c6b55,신비한 칼레이도 박스 주머니,1,레어,8bcda5578720a4dc56b1736ccbe06c0f,스태커블,75646f8fb522886186daf90888bcc605,부스터,0,0,3,2775600,925200
2023-04-11 19:55:14,a1cdd9ffbfff08d867d07a86886c6b55,신비한 칼레이도 박스 주머니,1,레어,8bcda5578720a4dc56b1736ccbe06c0f,스태커블,75646f8fb522886186daf90888bcc605,부스터,0,0,1,925200,925200
2023-04-11 19:54:52,a1cdd9ffbfff08d867d07a86886c6b55,신비한 칼레이도 박스 주머니,1,레어,8bcda5578720a4dc56b1736ccbe06c0f,스태커블,75646f8fb522886186daf90888bcc605,부스터,0,0,3,2775600,925200
2023-04-11 19:54:48,a1cdd9ffbfff08d867d07a86886c6b55,신비한 칼레이도 박스 주머니,1,레어,8bcda5578720a4dc56b1736ccbe06c0f,스태커블,75646f8fb522886186daf90888bcc605,부스터,0,0,1,925200,925200
2023-04-11 19:54:06,a1cdd9ffbfff08d867d07a86886c6b55,신비한 칼레이도 박스 주머니,1,레어,8bcda5578720a4dc56b1736ccbe06c0f,스태커블,75646f8fb522886186daf90888bcc605,부스터,0,0,4,3640000,910000
2023-04-11 19:53:58,a1cdd9ffbfff08d867d07a86886c6b55,신비한 칼레이도 박스 주머니,1,레어,8bcda5578720a4dc56b1736ccbe06c0f,스태커블,75646f8fb522886186daf90888bcc605,부스터,0,0,1,910000,910000
2023-04-11 19:53:44,a1cdd9ffbfff08d867d07a86886c6b55,신비한 칼레이도 박스 주머니,1,레어,8bcda5578720a4dc56b1736ccbe06c0f,스태커블,75646f8fb522886186daf90888bcc605,부스터,0,0,1,910000,910000
2023-04-11 19:50:58,a1cdd9ffbfff08d867d07a86886c6b55,신비한 칼레이도 박스 주머니,1,레어,8bcda5578720a4dc56b1736ccbe06c0f,스태커블,75646f8fb522886186daf90888bcc605,부스터,0,0,1,930000,930000
2023-04-11 19:48:37,a1cdd9ffbfff08d867d07a86886c6b55,신비한 칼레이도 박스 주머니,1,레어,8bcda5578720a4dc56b1736ccbe06c0f,스태커블,75646f8fb522886186daf90888bcc605,부스터,0,0,5,4650000,930000
2023-04-11 19:48:04,a1cdd9ffbfff08d867d07a86886c6b55,신비한 칼레이도 박스 주머니,1,레어,8bcda5578720a4dc56b1736ccbe06c0f,스태커블,75646f8fb522886186daf90888bcc605,부스터,0,0,1,930000,930000
2023-04-11 19:47:32,a1cdd9ffbfff08d867d07a86886c6b55,신비한 칼레이도 박스 주머니,1,레어,8bcda5578720a4dc56b1736ccbe06c0f,스태커블,75646f8fb522886186daf90888bcc605,부스터,0,0,4,3720000,930000
2023-04-11 19:46:49,a1cdd9ffbfff08d867d07a86886c6b55,신비한 칼레이도 박스 주머니,1,레어,8bcda5578720a4dc56b1736ccbe06c0f,스태커블,75646f8fb522886186daf90888bcc605,부스터,0,0,2,1860000,930000
2023-04-11 19:46:25,a1cdd9ffbfff08d867d07a86886c6b55,신비한 칼레이도 박스 주머니,1,레어,8bcda5578720a4dc56b1736ccbe06c0f,스태커블,75646f8fb522886186daf90888bcc605,부스터,0,0,4,3720000,930000
2023-04-11 19:45:22,a1cdd9ffbfff08d867d07a86886c6b55,신비한 칼레이도 박스 주머니,1,레어,8bcda5578720a4dc56b1736ccbe06c0f,스태커블,75646f8fb522886186daf90888bcc605,부스터,0,0,2,1860000,930000
2023-04-11 19:45:08,a1cdd9ffbfff08d867d07a86886c6b55,신비한 칼레이도 박스 주머니,1,레어,8bcda5578720a4dc56b1736ccbe06c0f,스태커블,75646f8fb522886186daf90888bcc605,부스터,0,0,8,7584000,948000
2023-04-11 19:44:53,a1cdd9ffbfff08d867d07a86886c6b55,신비한 칼레이도 박스 주머니,1,레어,8bcda5578720a4dc56b1736ccbe06c0f,스태커블,75646f8fb522886186daf90888bcc605,부스터,0,0,1,930000,930000
2023-04-11 19:44:35,a1cdd9ffbfff08d867d07a86886c6b55,신비한 칼레이도 박스 주머니,1,레어,8bcda5578720a4dc56b1736ccbe06c0f,스태커블,75646f8fb522886186daf90888bcc605,부스터,0,0,4,3720000,930000
2023-04-11 19:43:48,a1cdd9ffbfff08d867d07a86886c6b55,신비한 칼레이도 박스 주머니,1,레어,8bcda5578720a4dc56b1736ccbe06c0f,스태커블,75646f8fb522886186daf90888bcc605,부스터,0,0,1,940000,940000
2023-04-11 19:43:38,a1cdd9ffbfff08d867d07a86886c6b55,신비한 칼레이도 박스 주머니,1,레어,8bcda5578720a4dc56b1736ccbe06c0f,스태커블,75646f8fb522886186daf90888bcc605,부스터,0,0,5,4700000,940000
2023-04-11 19:43:12,a1cdd9ffbfff08d867d07a86886c6b55,신비한 칼레이도 박스 주머니,1,레어,8bcda5578720a4dc56b1736ccbe06c0f,스태커블,75646f8fb522886186daf90888bcc605,부스터,0,0,1,940000,940000
2023-04-11 19:42:44,a1cdd9ffbfff08d867d07a86886c6b55,신비한 칼레이도 박스 주머니,1,레어,8bcda5578720a4dc56b1736ccbe06c0f,스태커블,75646f8fb522886186daf90888bcc605,부스터,0,0,4,3760000,940000
2023-04-11 19:42:32,a1cdd9ffbfff08d867d07a86886c6b55,신비한 칼레이도 박스 주머니,1,레어,8bcda5578720a4dc56b1736ccbe06c0f,스태커블,75646f8fb522886186daf90888bcc605,부스터,0,0,3,2820000,940000
2023-04-11 19:42:28,a1cdd9ffbfff08d867d07a86886c6b55,신비한 칼레이도 박스 주머니,1,레어,8bcda5578720a4dc56b1736ccbe06c0f,스태커블,75646f8fb522886186daf90888bcc605,부스터,0,0,1,940000,940000
2023-04-11 19:42:27,a1cdd9ffbfff08d867d07a86886c6b55,신비한 칼레이도 박스 주머니,1,레어,8bcda5578720a4dc56b1736ccbe06c0f,스태커블,75646f8fb522886186daf90888bcc605,부스터,0,0,1,940000,940000
2023-04-11 19:42:07,a1cdd9ffbfff08d867d07a86886c6b55,신비한 칼레이도 박스 주머니,1,레어,8bcda5578720a4dc56b1736ccbe06c0f,스태커블,75646f8fb522886186daf90888bcc605,부스터,0,0,1,940000,940000
2023-04-11 19:41:38,a1cdd9ffbfff08d867d07a86886c6b55,신비한 칼레이도 박스 주머니,1,레어,8bcda5578720a4dc56b1736ccbe06c0f,스태커블,75646f8fb522886186daf90888bcc605,부스터,0,0,6,5640000,940000
2023-04-11 19:41:33,a1cdd9ffbfff08d867d07a86886c6b55,신비한 칼레이도 박스 주머니,1,레어,8bcda5578720a4dc56b1736ccbe06c0f,스태커블,75646f8fb522886186daf90888bcc605,부스터,0,0,1,940000,940000
2023-04-11 19:41:16,a1cdd9ffbfff08d867d07a86886c6b55,신비한 칼레이도 박스 주머니,1,레어,8bcda5578720a4dc56b1736ccbe06c0f,스태커블,75646f8fb522886186daf90888bcc605,부스터,0,0,3,2820000,940000
2023-04-11 19:41:04,a1cdd9ffbfff08d867d07a86886c6b55,신비한 칼레이도 박스 주머니,1,레어,8bcda5578720a4dc56b1736ccbe06c0f,스태커블,75646f8fb522886186daf90888bcc605,부스터,0,0,8,7520000,940000
2023-04-11 19:40:26,a1cdd9ffbfff08d867d07a86886c6b55,신비한 칼레이도 박스 주머니,1,레어,8bcda5578720a4dc56b1736ccbe06c0f,스태커블,75646f8fb522886186daf90888bcc605,부스터,0,0,6,5640000,940000
2023-04-11 19:40:17,a1cdd9ffbfff08d867d07a86886c6b55,신비한 칼레이도 박스 주머니,1,레어,8bcda5578720a4dc56b1736ccbe06c0f,스태커블,75646f8fb522886186daf90888bcc605,부스터,0,0,4,3720000,930000
2023-04-11 19:39:13,a1cdd9ffbfff08d867d07a86886c6b55,신비한 칼레이도 박스 주머니,1,레어,8bcda5578720a4dc56b1736ccbe06c0f,스태커블,75646f8fb522886186daf90888bcc605,부스터,0,0,2,1860000,930000
2023-04-11 19:38:56,a1cdd9ffbfff08d867d07a86886c6b55,신비한 칼레이도 박스 주머니,1,레어,8bcda5578720a4dc56b1736ccbe06c0f,스태커블,75646f8fb522886186daf90888bcc605,부스터,0,0,1,930000,930000
2023-04-11 19:38:41,a1cdd9ffbfff08d867d07a86886c6b55,신비한 칼레이도 박스 주머니,1,레어,8bcda5578720a4dc56b1736ccbe06c0f,스태커블,75646f8fb522886186daf90888bcc605,부스터,0,0,1,940000,940000
2023-04-11 19:38:23,a1cdd9ffbfff08d867d07a86886c6b55,신비한 칼레이도 박스 주머니,1,레어,8bcda5578720a4dc56b1736ccbe06c0f,스태커블,75646f8fb522886186daf90888bcc605,부스터,0,0,2,1880000,940000
2023-04-11 19:38:20,a1cdd9ffbfff08d867d07a86886c6b55,신비한 칼레이도 박스 주머니,1,레어,8bcda5578720a4dc56b1736ccbe06c0f,스태커블,75646f8fb522886186daf90888bcc605,부스터,0,0,5,4699995,939999
2023-04-11 19:38:05,a1cdd9ffbfff08d867d07a86886c6b55,신비한 칼레이도 박스 주머니,1,레어,8bcda5578720a4dc56b1736ccbe06c0f,스태커블,75646f8fb522886186daf90888bcc605,부스터,0,0,1,939999,939999
2023-04-11 19:37:52,a1cdd9ffbfff08d867d07a86886c6b55,신비한 칼레이도 박스 주머니,1,레어,8bcda5578720a4dc56b1736ccbe06c0f,스태커블,75646f8fb522886186daf90888bcc605,부스터,0,0,1,939999,939999
2023-04-11 19:37:29,a1cdd9ffbfff08d867d07a86886c6b55,신비한 칼레이도 박스 주머니,1,레어,8bcda5578720a4dc56b1736ccbe06c0f,스태커블,75646f8fb522886186daf90888bcc605,부스터,0,0,2,1879998,939999
2023-04-11 19:37:23,a1cdd9ffbfff08d867d07a86886c6b55,신비한 칼레이도 박스 주머니,1,레어,8bcda5578720a4dc56b1736ccbe06c0f,스태커블,75646f8fb522886186daf90888bcc605,부스터,0,0,1,939999,939999
2023-04-11 19:36:40,a1cdd9ffbfff08d867d07a86886c6b55,신비한 칼레이도 박스 주머니,1,레어,8bcda5578720a4dc56b1736ccbe06c0f,스태커블,75646f8fb522886186daf90888bcc605,부스터,0,0,3,2820000,940000
2023-04-11 19:36:11,a1cdd9ffbfff08d867d07a86886c6b55,신비한 칼레이도 박스 주머니,1,레어,8bcda5578720a4dc56b1736ccbe06c0f,스태커블,75646f8fb522886186daf90888bcc605,부스터,0,0,1,940000,940000
2023-04-11 19:35:58,a1cdd9ffbfff08d867d07a86886c6b55,신비한 칼레이도 박스 주머니,1,레어,8bcda5578720a4dc56b1736ccbe06c0f,스태커블,75646f8fb522886186daf90888bcc605,부스터,0,0,10,9390000,939000
2023-04-11 19:35:34,a1cdd9ffbfff08d867d07a86886c6b55,신비한 칼레이도 박스 주머니,1,레어,8bcda5578720a4dc56b1736ccbe06c0f,스태커블,75646f8fb522886186daf90888bcc605,부스터,0,0,2,1870000,935000
2023-04-11 19:34:51,a1cdd9ffbfff08d867d07a86886c6b55,신비한 칼레이도 박스 주머니,1,레어,8bcda5578720a4dc56b1736ccbe06c0f,스태커블,75646f8fb522886186daf90888bcc605,부스터,0,0,2,1870000,935000
2023-04-11 19:34:19,a1cdd9ffbfff08d867d07a86886c6b55,신비한 칼레이도 박스 주머니,1,레어,8bcda5578720a4dc56b1736ccbe06c0f,스태커블,75646f8fb522886186daf90888bcc605,부스터,0,0,3,2817000,939000
2023-04-11 19:33:37,a1cdd9ffbfff08d867d07a86886c6b55,신비한 칼레이도 박스 주머니,1,레어,8bcda5578720a4dc56b1736ccbe06c0f,스태커블,75646f8fb522886186daf90888bcc605,부스터,0,0,2,1878000,939000
2023-04-11 19:33:27,a1cdd9ffbfff08d867d07a86886c6b55,신비한 칼레이도 박스 주머니,1,레어,8bcda5578720a4dc56b1736ccbe06c0f,스태커블,75646f8fb522886186daf90888bcc605,부스터,0,0,3,2817000,939000
2023-04-11 19:32:24,a1cdd9ffbfff08d867d07a86886c6b55,신비한 칼레이도 박스 주머니,1,레어,8bcda5578720a4dc56b1736ccbe06c0f,스태커블,75646f8fb522886186daf90888bcc605,부스터,0,0,2,1878000,939000
2023-04-11 19:32:00,a1cdd9ffbfff08d867d07a86886c6b55,신비한 칼레이도 박스 주머니,1,레어,8bcda5578720a4dc56b1736ccbe06c0f,스태커블,75646f8fb522886186daf90888bcc605,부스터,0,0,9,8451000,939000
2023-04-11 19:31:09,a1cdd9ffbfff08d867d07a86886c6b55,신비한 칼레이도 박스 주머니,1,레어,8bcda5578720a4dc56b1736ccbe06c0f,스태커블,75646f8fb522886186daf90888bcc605,부스터,0,0,2,1878000,939000
2023-04-11 19:30:29,a1cdd9ffbfff08d867d07a86886c6b55,신비한 칼레이도 박스 주머니,1,레어,8bcda5578720a4dc56b1736ccbe06c0f,스태커블,75646f8fb522886186daf90888bcc605,부스터,0,0,3,2820000,940000
2023-04-11 19:30:08,a1cdd9ffbfff08d867d07a86886c6b55,신비한 칼레이도 박스 주머니,1,레어,8bcda5578720a4dc56b1736ccbe06c0f,스태커블,75646f8fb522886186daf90888bcc605,부스터,0,0,4,3760000,940000
2023-04-11 19:29:34,a1cdd9ffbfff08d867d07a86886c6b55,신비한 칼레이도 박스 주머니,1,레어,8bcda5578720a4dc56b1736ccbe06c0f,스태커블,75646f8fb522886186daf90888bcc605,부스터,0,0,2,1880000,940000
2023-04-11 19:29:24,a1cdd9ffbfff08d867d07a86886c6b55,신비한 칼레이도 박스 주머니,1,레어,8bcda5578720a4dc56b1736ccbe06c0f,스태커블,75646f8fb522886186daf90888bcc605,부스터,0,0,5,4700000,940000
2023-04-11 19:28:55,a1cdd9ffbfff08d867d07a86886c6b55,신비한 칼레이도 박스 주머니,1,레어,8bcda5578720a4dc56b1736ccbe06c0f,스태커블,75646f8fb522886186daf90888bcc605,부스터,0,0,10,9400000,940000
2023-04-11 19:28:54,a1cdd9ffbfff08d867d07a86886c6b55,신비한 칼레이도 박스 주머니,1,레어,8bcda5578720a4dc56b1736ccbe06c0f,스태커블,75646f8fb522886186daf90888bcc605,부스터,0,0,1,940000,940000
2023-04-11 19:28:45,a1cdd9ffbfff08d867d07a86886c6b55,신비한 칼레이도 박스 주머니,1,레어,8bcda5578720a4dc56b1736ccbe06c0f,스태커블,75646f8fb522886186daf90888bcc605,부스터,0,0,10,9400000,940000
2023-04-11 19:28:17,a1cdd9ffbfff08d867d07a86886c6b55,신비한 칼레이도 박스 주머니,1,레어,8bcda5578720a4dc56b1736ccbe06c0f,스태커블,75646f8fb522886186daf90888bcc605,부스터,0,0,3,2820000,940000
2023-04-11 19:28:05,a1cdd9ffbfff08d867d07a86886c6b55,신비한 칼레이도 박스 주머니,1,레어,8bcda5578720a4dc56b1736ccbe06c0f,스태커블,75646f8fb522886186daf90888bcc605,부스터,0,0,6,5640000,940000
2023-04-11 19:27:52,a1cdd9ffbfff08d867d07a86886c6b55,신비한 칼레이도 박스 주머니,1,레어,8bcda5578720a4dc56b1736ccbe06c0f,스태커블,75646f8fb522886186daf90888bcc605,부스터,0,0,1,940000,940000
2023-04-11 19:27:44,a1cdd9ffbfff08d867d07a86886c6b55,신비한 칼레이도 박스 주머니,1,레어,8bcda5578720a4dc56b1736ccbe06c0f,스태커블,75646f8fb522886186daf90888bcc605,부스터,0,0,2,1880000,940000
2023-04-11 19:27:39,a1cdd9ffbfff08d867d07a86886c6b55,신비한 칼레이도 박스 주머니,1,레어,8bcda5578720a4dc56b1736ccbe06c0f,스태커블,75646f8fb522886186daf90888bcc605,부스터,0,0,3,2817000,939000
2023-04-11 19:27:31,a1cdd9ffbfff08d867d07a86886c6b55,신비한 칼레이도 박스 주머니,1,레어,8bcda5578720a4dc56b1736ccbe06c0f,스태커블,75646f8fb522886186daf90888bcc605,부스터,0,0,3,2817000,939000
2023-04-11 19:27:21,a1cdd9ffbfff08d867d07a86886c6b55,신비한 칼레이도 박스 주머니,1,레어,8bcda5578720a4dc56b1736ccbe06c0f,스태커블,75646f8fb522886186daf90888bcc605,부스터,0,0,4,3756000,939000
2023-04-11 19:26:46,a1cdd9ffbfff08d867d07a86886c6b55,신비한 칼레이도 박스 주머니,1,레어,8bcda5578720a4dc56b1736ccbe06c0f,스태커블,75646f8fb522886186daf90888bcc605,부스터,0,0,9,8415000,935000
2023-04-11 19:26:39,a1cdd9ffbfff08d867d07a86886c6b55,신비한 칼레이도 박스 주머니,1,레어,8bcda5578720a4dc56b1736ccbe06c0f,스태커블,75646f8fb522886186daf90888bcc605,부스터,0,0,3,2805000,935000
2023-04-11 19:26:34,a1cdd9ffbfff08d867d07a86886c6b55,신비한 칼레이도 박스 주머니,1,레어,8bcda5578720a4dc56b1736ccbe06c0f,스태커블,75646f8fb522886186daf90888bcc605,부스터,0,0,1,935000,935000
2023-04-11 19:25:02,a1cdd9ffbfff08d867d07a86886c6b55,신비한 칼레이도 박스 주머니,1,레어,8bcda5578720a4dc56b1736ccbe06c0f,스태커블,75646f8fb522886186daf90888bcc605,부스터,0,0,20,18800000,940000
2023-04-11 19:24:23,a1cdd9ffbfff08d867d07a86886c6b55,신비한 칼레이도 박스 주머니,1,레어,8bcda5578720a4dc56b1736ccbe06c0f,스태커블,75646f8fb522886186daf90888bcc605,부스터,0,0,1,935000,935000
2023-04-11 19:23:15,a1cdd9ffbfff08d867d07a86886c6b55,신비한 칼레이도 박스 주머니,1,레어,8bcda5578720a4dc56b1736ccbe06c0f,스태커블,75646f8fb522886186daf90888bcc605,부스터,0,0,1,935000,935000
2023-04-11 19:20:54,a1cdd9ffbfff08d867d07a86886c6b55,신비한 칼레이도 박스 주머니,1,레어,8bcda5578720a4dc56b1736ccbe06c0f,스태커블,75646f8fb522886186daf90888bcc605,부스터,0,0,1,935000,935000
2023-04-11 19:19:34,a1cdd9ffbfff08d867d07a86886c6b55,신비한 칼레이도 박스 주머니,1,레어,8bcda5578720a4dc56b1736ccbe06c0f,스태커블,75646f8fb522886186daf90888bcc605,부스터,0,0,1,935000,935000
2023-04-11 19:19:28,a1cdd9ffbfff08d867d07a86886c6b55,신비한 칼레이도 박스 주머니,1,레어,8bcda5578720a4dc56b1736ccbe06c0f,스태커블,75646f8fb522886186daf90888bcc605,부스터,0,0,3,2805000,935000
2023-04-11 19:19:19,a1cdd9ffbfff08d867d07a86886c6b55,신비한 칼레이도 박스 주머니,1,레어,8bcda5578720a4dc56b1736ccbe06c0f,스태커블,75646f8fb522886186daf90888bcc605,부스터,0,0,4,3720000,930000
2023-04-11 19:18:25,a1cdd9ffbfff08d867d07a86886c6b55,신비한 칼레이도 박스 주머니,1,레어,8bcda5578720a4dc56b1736ccbe06c0f,스태커블,75646f8fb522886186daf90888bcc605,부스터,0,0,1,930000,930000
2023-04-11 19:18:17,a1cdd9ffbfff08d867d07a86886c6b55,신비한 칼레이도 박스 주머니,1,레어,8bcda5578720a4dc56b1736ccbe06c0f,스태커블,75646f8fb522886186daf90888bcc605,부스터,0,0,2,1860000,930000
2023-04-11 19:18:08,a1cdd9ffbfff08d867d07a86886c6b55,신비한 칼레이도 박스 주머니,1,레어,8bcda5578720a4dc56b1736ccbe06c0f,스태커블,75646f8fb522886186daf90888bcc605,부스터,0,0,3,2790000,930000
2023-04-11 19:17:57,a1cdd9ffbfff08d867d07a86886c6b55,신비한 칼레이도 박스 주머니,1,레어,8bcda5578720a4dc56b1736ccbe06c0f,스태커블,75646f8fb522886186daf90888bcc605,부스터,0,0,4,3720000,930000
2023-04-11 19:16:44,a1cdd9ffbfff08d867d07a86886c6b55,신비한 칼레이도 박스 주머니,1,레어,8bcda5578720a4dc56b1736ccbe06c0f,스태커블,75646f8fb522886186daf90888bcc605,부스터,0,0,1,930000,930000
2023-04-11 19:15:00,a1cdd9ffbfff08d867d07a86886c6b55,신비한 칼레이도 박스 주머니,1,레어,8bcda5578720a4dc56b1736ccbe06c0f,스태커블,75646f8fb522886186daf90888bcc605,부스터,0,0,3,2790000,930000
2023-04-11 19:13:47,a1cdd9ffbfff08d867d07a86886c6b55,신비한 칼레이도 박스 주머니,1,레어,8bcda5578720a4dc56b1736ccbe06c0f,스태커블,75646f8fb522886186daf90888bcc605,부스터,0,0,1,930000,930000
2023-04-12 22:39:49,a1cdd9ffbfff08d867d07a86886c6b55,신비한 칼레이도 박스 주머니,1,레어,8bcda5578720a4dc56b1736ccbe06c0f,스태커블,75646f8fb522886186daf90888bcc605,부스터,0,0,1,929500,929500
2023-04-12 22:39:42,a1cdd9ffbfff08d867d07a86886c6b55,신비한 칼레이도 박스 주머니,1,레어,8bcda5578720a4dc56b1736ccbe06c0f,스태커블,75646f8fb522886186daf90888bcc605,부스터,0,0,2,1858800,929400
2023-04-12 22:39:35,a1cdd9ffbfff08d867d07a86886c6b55,신비한 칼레이도 박스 주머니,1,레어,8bcda5578720a4dc56b1736ccbe06c0f,스태커블,75646f8fb522886186daf90888bcc605,부스터,0,0,2,1858800,929400
2023-04-12 22:39:27,a1cdd9ffbfff08d867d07a86886c6b55,신비한 칼레이도 박스 주머니,1,레어,8bcda5578720a4dc56b1736ccbe06c0f,스태커블,75646f8fb522886186daf90888bcc605,부스터,0,0,2,1858800,929400
2023-04-12 22:39:13,a1cdd9ffbfff08d867d07a86886c6b55,신비한 칼레이도 박스 주머니,1,레어,8bcda5578720a4dc56b1736ccbe06c0f,스태커블,75646f8fb522886186daf90888bcc605,부스터,0,0,2,1858800,929400
2023-04-12 22:38:39,a1cdd9ffbfff08d867d07a86886c6b55,신비한 칼레이도 박스 주머니,1,레어,8bcda5578720a4dc56b1736ccbe06c0f,스태커블,75646f8fb522886186daf90888bcc605,부스터,0,0,2,1858800,929400
2023-04-12 22:38:08,a1cdd9ffbfff08d867d07a86886c6b55,신비한 칼레이도 박스 주머니,1,레어,8bcda5578720a4dc56b1736ccbe06c0f,스태커블,75646f8fb522886186daf90888bcc605,부스터,0,0,2,1858800,929400
2023-04-12 22:37:45,a1cdd9ffbfff08d867d07a86886c6b55,신비한 칼레이도 박스 주머니,1,레어,8bcda5578720a4dc56b1736ccbe06c0f,스태커블,75646f8fb522886186daf90888bcc605,부스터,0,0,3,2788200,929400
2023-04-12 22:37:12,a1cdd9ffbfff08d867d07a86886c6b55,신비한 칼레이도 박스 주머니,1,레어,8bcda5578720a4dc56b1736ccbe06c0f,스태커블,75646f8fb522886186daf90888bcc605,부스터,0,0,1,929400,929400
2023-04-12 22:36:51,a1cdd9ffbfff08d867d07a86886c6b55,신비한 칼레이도 박스 주머니,1,레어,8bcda5578720a4dc56b1736ccbe06c0f,스태커블,75646f8fb522886186daf90888bcc605,부스터,0,0,3,2788200,929400
2023-04-12 22:36:04,a1cdd9ffbfff08d867d07a86886c6b55,신비한 칼레이도 박스 주머니,1,레어,8bcda5578720a4dc56b1736ccbe06c0f,스태커블,75646f8fb522886186daf90888bcc605,부스터,0,0,1,929400,929400
2023-04-12 22:35:35,a1cdd9ffbfff08d867d07a86886c6b55,신비한 칼레이도 박스 주머니,1,레어,8bcda5578720a4dc56b1736ccbe06c0f,스태커블,75646f8fb522886186daf90888bcc605,부스터,0,0,2,1858800,929400
2023-04-12 22:31:46,a1cdd9ffbfff08d867d07a86886c6b55,신비한 칼레이도 박스 주머니,1,레어,8bcda5578720a4dc56b1736ccbe06c0f,스태커블,75646f8fb522886186daf90888bcc605,부스터,0,0,1,929999,929999
2023-04-12 22:30:49,a1cdd9ffbfff08d867d07a86886c6b55,신비한 칼레이도 박스 주머니,1,레어,8bcda5578720a4dc56b1736ccbe06c0f,스태커블,75646f8fb522886186daf90888bcc605,부스터,0,0,1,929999,929999
2023-04-12 22:29:20,a1cdd9ffbfff08d867d07a86886c6b55,신비한 칼레이도 박스 주머니,1,레어,8bcda5578720a4dc56b1736ccbe06c0f,스태커블,75646f8fb522886186daf90888bcc605,부스터,0,0,1,929999,929999
2023-04-12 22:29:12,a1cdd9ffbfff08d867d07a86886c6b55,신비한 칼레이도 박스 주머니,1,레어,8bcda5578720a4dc56b1736ccbe06c0f,스태커블,75646f8fb522886186daf90888bcc605,부스터,0,0,2,1840000,920000
2023-04-12 22:28:50,a1cdd9ffbfff08d867d07a86886c6b55,신비한 칼레이도 박스 주머니,1,레어,8bcda5578720a4dc56b1736ccbe06c0f,스태커블,75646f8fb522886186daf90888bcc605,부스터,0,0,2,1840000,920000
2023-04-12 22:28:44,a1cdd9ffbfff08d867d07a86886c6b55,신비한 칼레이도 박스 주머니,1,레어,8bcda5578720a4dc56b1736ccbe06c0f,스태커블,75646f8fb522886186daf90888bcc605,부스터,0,0,1,920000,920000
2023-04-12 22:28:40,a1cdd9ffbfff08d867d07a86886c6b55,신비한 칼레이도 박스 주머니,1,레어,8bcda5578720a4dc56b1736ccbe06c0f,스태커블,75646f8fb522886186daf90888bcc605,부스터,0,0,1,920000,920000
2023-04-12 22:27:52,a1cdd9ffbfff08d867d07a86886c6b55,신비한 칼레이도 박스 주머니,1,레어,8bcda5578720a4dc56b1736ccbe06c0f,스태커블,75646f8fb522886186daf90888bcc605,부스터,0,0,1,929999,929999
2023-04-12 22:27:45,a1cdd9ffbfff08d867d07a86886c6b55,신비한 칼레이도 박스 주머니,1,레어,8bcda5578720a4dc56b1736ccbe06c0f,스태커블,75646f8fb522886186daf90888bcc605,부스터,0,0,2,1859998,929999
2023-04-12 22:27:36,a1cdd9ffbfff08d867d07a86886c6b55,신비한 칼레이도 박스 주머니,1,레어,8bcda5578720a4dc56b1736ccbe06c0f,스태커블,75646f8fb522886186daf90888bcc605,부스터,0,0,1,929999,929999
2023-04-12 22:25:16,a1cdd9ffbfff08d867d07a86886c6b55,신비한 칼레이도 박스 주머니,1,레어,8bcda5578720a4dc56b1736ccbe06c0f,스태커블,75646f8fb522886186daf90888bcc605,부스터,0,0,5,4649995,929999
2023-04-12 22:23:09,a1cdd9ffbfff08d867d07a86886c6b55,신비한 칼레이도 박스 주머니,1,레어,8bcda5578720a4dc56b1736ccbe06c0f,스태커블,75646f8fb522886186daf90888bcc605,부스터,0,0,1,929999,929999
2023-04-12 22:22:38,a1cdd9ffbfff08d867d07a86886c6b55,신비한 칼레이도 박스 주머니,1,레어,8bcda5578720a4dc56b1736ccbe06c0f,스태커블,75646f8fb522886186daf90888bcc605,부스터,0,0,1,929999,929999
2023-04-12 22:22:33,a1cdd9ffbfff08d867d07a86886c6b55,신비한 칼레이도 박스 주머니,1,레어,8bcda5578720a4dc56b1736ccbe06c0f,스태커블,75646f8fb522886186daf90888bcc605,부스터,0,0,1,929999,929999
2023-04-12 22:21:52,a1cdd9ffbfff08d867d07a86886c6b55,신비한 칼레이도 박스 주머니,1,레어,8bcda5578720a4dc56b1736ccbe06c0f,스태커블,75646f8fb522886186daf90888bcc605,부스터,0,0,1,929999,929999
2023-04-12 22:21:41,a1cdd9ffbfff08d867d07a86886c6b55,신비한 칼레이도 박스 주머니,1,레어,8bcda5578720a4dc56b1736ccbe06c0f,스태커블,75646f8fb522886186daf90888bcc605,부스터,0,0,1,929999,929999
2023-04-12 22:21:25,a1cdd9ffbfff08d867d07a86886c6b55,신비한 칼레이도 박스 주머니,1,레어,8bcda5578720a4dc56b1736ccbe06c0f,스태커블,75646f8fb522886186daf90888bcc605,부스터,0,0,2,1859998,929999
2023-04-12 22:19:38,a1cdd9ffbfff08d867d07a86886c6b55,신비한 칼레이도 박스 주머니,1,레어,8bcda5578720a4dc56b1736ccbe06c0f,스태커블,75646f8fb522886186daf90888bcc605,부스터,0,0,2,1859998,929999
2023-04-12 22:19:24,a1cdd9ffbfff08d867d07a86886c6b55,신비한 칼레이도 박스 주머니,1,레어,8bcda5578720a4dc56b1736ccbe06c0f,스태커블,75646f8fb522886186daf90888bcc605,부스터,0,0,2,1859998,929999
2023-04-12 22:17:39,a1cdd9ffbfff08d867d07a86886c6b55,신비한 칼레이도 박스 주머니,1,레어,8bcda5578720a4dc56b1736ccbe06c0f,스태커블,75646f8fb522886186daf90888bcc605,부스터,0,0,1,930000,930000
2023-04-12 22:15:55,a1cdd9ffbfff08d867d07a86886c6b55,신비한 칼레이도 박스 주머니,1,레어,8bcda5578720a4dc56b1736ccbe06c0f,스태커블,75646f8fb522886186daf90888bcc605,부스터,0,0,1,931499,931499
2023-04-12 22:15:11,a1cdd9ffbfff08d867d07a86886c6b55,신비한 칼레이도 박스 주머니,1,레어,8bcda5578720a4dc56b1736ccbe06c0f,스태커블,75646f8fb522886186daf90888bcc605,부스터,0,0,1,931500,931500
2023-04-12 22:14:59,a1cdd9ffbfff08d867d07a86886c6b55,신비한 칼레이도 박스 주머니,1,레어,8bcda5578720a4dc56b1736ccbe06c0f,스태커블,75646f8fb522886186daf90888bcc605,부스터,0,0,1,931500,931500
2023-04-12 22:14:40,a1cdd9ffbfff08d867d07a86886c6b55,신비한 칼레이도 박스 주머니,1,레어,8bcda5578720a4dc56b1736ccbe06c0f,스태커블,75646f8fb522886186daf90888bcc605,부스터,0,0,2,1863000,931500
2023-04-12 22:14:29,a1cdd9ffbfff08d867d07a86886c6b55,신비한 칼레이도 박스 주머니,1,레어,8bcda5578720a4dc56b1736ccbe06c0f,스태커블,75646f8fb522886186daf90888bcc605,부스터,0,0,10,9315000,931500
2023-04-12 22:13:38,a1cdd9ffbfff08d867d07a86886c6b55,신비한 칼레이도 박스 주머니,1,레어,8bcda5578720a4dc56b1736ccbe06c0f,스태커블,75646f8fb522886186daf90888bcc605,부스터,0,0,211,194120000,920000
2023-04-12 22:13:31,a1cdd9ffbfff08d867d07a86886c6b55,신비한 칼레이도 박스 주머니,1,레어,8bcda5578720a4dc56b1736ccbe06c0f,스태커블,75646f8fb522886186daf90888bcc605,부스터,0,0,10,9200000,920000
2023-04-12 22:12:35,a1cdd9ffbfff08d867d07a86886c6b55,신비한 칼레이도 박스 주머니,1,레어,8bcda5578720a4dc56b1736ccbe06c0f,스태커블,75646f8fb522886186daf90888bcc605,부스터,0,0,3,2760000,920000
2023-04-12 22:12:13,a1cdd9ffbfff08d867d07a86886c6b55,신비한 칼레이도 박스 주머니,1,레어,8bcda5578720a4dc56b1736ccbe06c0f,스태커블,75646f8fb522886186daf90888bcc605,부스터,0,0,2,1840000,920000
2023-04-12 22:11:50,a1cdd9ffbfff08d867d07a86886c6b55,신비한 칼레이도 박스 주머니,1,레어,8bcda5578720a4dc56b1736ccbe06c0f,스태커블,75646f8fb522886186daf90888bcc605,부스터,0,0,12,10920000,910000
2023-04-12 22:10:56,a1cdd9ffbfff08d867d07a86886c6b55,신비한 칼레이도 박스 주머니,1,레어,8bcda5578720a4dc56b1736ccbe06c0f,스태커블,75646f8fb522886186daf90888bcc605,부스터,0,0,5,4550000,910000
2023-04-12 22:09:56,a1cdd9ffbfff08d867d07a86886c6b55,신비한 칼레이도 박스 주머니,1,레어,8bcda5578720a4dc56b1736ccbe06c0f,스태커블,75646f8fb522886186daf90888bcc605,부스터,0,0,5,4600000,920000
2023-04-12 22:09:35,a1cdd9ffbfff08d867d07a86886c6b55,신비한 칼레이도 박스 주머니,1,레어,8bcda5578720a4dc56b1736ccbe06c0f,스태커블,75646f8fb522886186daf90888bcc605,부스터,0,0,5,4550000,910000
2023-04-12 22:08:52,a1cdd9ffbfff08d867d07a86886c6b55,신비한 칼레이도 박스 주머니,1,레어,8bcda5578720a4dc56b1736ccbe06c0f,스태커블,75646f8fb522886186daf90888bcc605,부스터,0,0,6,5460000,910000
2023-04-12 22:04:44,a1cdd9ffbfff08d867d07a86886c6b55,신비한 칼레이도 박스 주머니,1,레어,8bcda5578720a4dc56b1736ccbe06c0f,스태커블,75646f8fb522886186daf90888bcc605,부스터,0,0,1,931500,931500
2023-04-12 22:04:12,a1cdd9ffbfff08d867d07a86886c6b55,신비한 칼레이도 박스 주머니,1,레어,8bcda5578720a4dc56b1736ccbe06c0f,스태커블,75646f8fb522886186daf90888bcc605,부스터,0,0,3,2794500,931500
2023-04-12 22:03:13,a1cdd9ffbfff08d867d07a86886c6b55,신비한 칼레이도 박스 주머니,1,레어,8bcda5578720a4dc56b1736ccbe06c0f,스태커블,75646f8fb522886186daf90888bcc605,부스터,0,0,4,3727996,931999
2023-04-12 22:02:53,a1cdd9ffbfff08d867d07a86886c6b55,신비한 칼레이도 박스 주머니,1,레어,8bcda5578720a4dc56b1736ccbe06c0f,스태커블,75646f8fb522886186daf90888bcc605,부스터,0,0,1,932000,932000
2023-04-12 22:02:18,a1cdd9ffbfff08d867d07a86886c6b55,신비한 칼레이도 박스 주머니,1,레어,8bcda5578720a4dc56b1736ccbe06c0f,스태커블,75646f8fb522886186daf90888bcc605,부스터,0,0,1,932000,932000
2023-04-12 22:01:39,a1cdd9ffbfff08d867d07a86886c6b55,신비한 칼레이도 박스 주머니,1,레어,8bcda5578720a4dc56b1736ccbe06c0f,스태커블,75646f8fb522886186daf90888bcc605,부스터,0,0,5,4699995,939999
2023-04-12 22:01:18,a1cdd9ffbfff08d867d07a86886c6b55,신비한 칼레이도 박스 주머니,1,레어,8bcda5578720a4dc56b1736ccbe06c0f,스태커블,75646f8fb522886186daf90888bcc605,부스터,0,0,3,2819997,939999
2023-04-12 22:01:15,a1cdd9ffbfff08d867d07a86886c6b55,신비한 칼레이도 박스 주머니,1,레어,8bcda5578720a4dc56b1736ccbe06c0f,스태커블,75646f8fb522886186daf90888bcc605,부스터,0,0,1,932500,932500
2023-04-12 22:01:03,a1cdd9ffbfff08d867d07a86886c6b55,신비한 칼레이도 박스 주머니,1,레어,8bcda5578720a4dc56b1736ccbe06c0f,스태커블,75646f8fb522886186daf90888bcc605,부스터,0,0,2,1879998,939999
2023-04-12 22:00:13,a1cdd9ffbfff08d867d07a86886c6b55,신비한 칼레이도 박스 주머니,1,레어,8bcda5578720a4dc56b1736ccbe06c0f,스태커블,75646f8fb522886186daf90888bcc605,부스터,0,0,2,1865000,932500
2023-04-12 21:59:37,a1cdd9ffbfff08d867d07a86886c6b55,신비한 칼레이도 박스 주머니,1,레어,8bcda5578720a4dc56b1736ccbe06c0f,스태커블,75646f8fb522886186daf90888bcc605,부스터,0,0,1,932000,932000
2023-04-12 21:58:51,a1cdd9ffbfff08d867d07a86886c6b55,신비한 칼레이도 박스 주머니,1,레어,8bcda5578720a4dc56b1736ccbe06c0f,스태커블,75646f8fb522886186daf90888bcc605,부스터,0,0,3,2796000,932000
2023-04-12 21:58:30,a1cdd9ffbfff08d867d07a86886c6b55,신비한 칼레이도 박스 주머니,1,레어,8bcda5578720a4dc56b1736ccbe06c0f,스태커블,75646f8fb522886186daf90888bcc605,부스터,0,0,10,9320000,932000
2023-04-12 21:58:23,a1cdd9ffbfff08d867d07a86886c6b55,신비한 칼레이도 박스 주머니,1,레어,8bcda5578720a4dc56b1736ccbe06c0f,스태커블,75646f8fb522886186daf90888bcc605,부스터,0,0,5,4660000,932000
2023-04-12 21:58:10,a1cdd9ffbfff08d867d07a86886c6b55,신비한 칼레이도 박스 주머니,1,레어,8bcda5578720a4dc56b1736ccbe06c0f,스태커블,75646f8fb522886186daf90888bcc605,부스터,0,0,3,2796000,932000
2023-04-12 21:57:59,a1cdd9ffbfff08d867d07a86886c6b55,신비한 칼레이도 박스 주머니,1,레어,8bcda5578720a4dc56b1736ccbe06c0f,스태커블,75646f8fb522886186daf90888bcc605,부스터,0,0,1,932500,932500
2023-04-12 21:56:35,a1cdd9ffbfff08d867d07a86886c6b55,신비한 칼레이도 박스 주머니,1,레어,8bcda5578720a4dc56b1736ccbe06c0f,스태커블,75646f8fb522886186daf90888bcc605,부스터,0,0,1,932500,932500
2023-04-12 21:53:21,a1cdd9ffbfff08d867d07a86886c6b55,신비한 칼레이도 박스 주머니,1,레어,8bcda5578720a4dc56b1736ccbe06c0f,스태커블,75646f8fb522886186daf90888bcc605,부스터,0,0,2,1865000,932500
2023-04-12 21:53:13,a1cdd9ffbfff08d867d07a86886c6b55,신비한 칼레이도 박스 주머니,1,레어,8bcda5578720a4dc56b1736ccbe06c0f,스태커블,75646f8fb522886186daf90888bcc605,부스터,0,0,2,1865000,932500
2023-04-12 21:52:48,a1cdd9ffbfff08d867d07a86886c6b55,신비한 칼레이도 박스 주머니,1,레어,8bcda5578720a4dc56b1736ccbe06c0f,스태커블,75646f8fb522886186daf90888bcc605,부스터,0,0,2,1865000,932500
2023-04-12 21:52:43,a1cdd9ffbfff08d867d07a86886c6b55,신비한 칼레이도 박스 주머니,1,레어,8bcda5578720a4dc56b1736ccbe06c0f,스태커블,75646f8fb522886186daf90888bcc605,부스터,0,0,2,1865000,932500
2023-04-12 21:52:20,a1cdd9ffbfff08d867d07a86886c6b55,신비한 칼레이도 박스 주머니,1,레어,8bcda5578720a4dc56b1736ccbe06c0f,스태커블,75646f8fb522886186daf90888bcc605,부스터,0,0,1,932500,932500
2023-04-12 21:52:13,a1cdd9ffbfff08d867d07a86886c6b55,신비한 칼레이도 박스 주머니,1,레어,8bcda5578720a4dc56b1736ccbe06c0f,스태커블,75646f8fb522886186daf90888bcc605,부스터,0,0,5,4657500,931500
2023-04-12 21:52:09,a1cdd9ffbfff08d867d07a86886c6b55,신비한 칼레이도 박스 주머니,1,레어,8bcda5578720a4dc56b1736ccbe06c0f,스태커블,75646f8fb522886186daf90888bcc605,부스터,0,0,2,1863000,931500
2023-04-12 21:51:31,a1cdd9ffbfff08d867d07a86886c6b55,신비한 칼레이도 박스 주머니,1,레어,8bcda5578720a4dc56b1736ccbe06c0f,스태커블,75646f8fb522886186daf90888bcc605,부스터,0,0,3,2794500,931500
2023-04-12 21:51:30,a1cdd9ffbfff08d867d07a86886c6b55,신비한 칼레이도 박스 주머니,1,레어,8bcda5578720a4dc56b1736ccbe06c0f,스태커블,75646f8fb522886186daf90888bcc605,부스터,0,0,2,1863000,931500
2023-04-12 21:51:15,a1cdd9ffbfff08d867d07a86886c6b55,신비한 칼레이도 박스 주머니,1,레어,8bcda5578720a4dc56b1736ccbe06c0f,스태커블,75646f8fb522886186daf90888bcc605,부스터,0,0,5,4657500,931500
2023-04-12 21:51:05,a1cdd9ffbfff08d867d07a86886c6b55,신비한 칼레이도 박스 주머니,1,레어,8bcda5578720a4dc56b1736ccbe06c0f,스태커블,75646f8fb522886186daf90888bcc605,부스터,0,0,3,2794500,931500
2023-04-12 21:50:27,a1cdd9ffbfff08d867d07a86886c6b55,신비한 칼레이도 박스 주머니,1,레어,8bcda5578720a4dc56b1736ccbe06c0f,스태커블,75646f8fb522886186daf90888bcc605,부스터,0,0,3,2794500,931500
2023-04-12 21:50:11,a1cdd9ffbfff08d867d07a86886c6b55,신비한 칼레이도 박스 주머니,1,레어,8bcda5578720a4dc56b1736ccbe06c0f,스태커블,75646f8fb522886186daf90888bcc605,부스터,0,0,1,931500,931500
2023-04-12 21:49:19,a1cdd9ffbfff08d867d07a86886c6b55,신비한 칼레이도 박스 주머니,1,레어,8bcda5578720a4dc56b1736ccbe06c0f,스태커블,75646f8fb522886186daf90888bcc605,부스터,0,0,3,2794500,931500
2023-04-12 21:49:02,a1cdd9ffbfff08d867d07a86886c6b55,신비한 칼레이도 박스 주머니,1,레어,8bcda5578720a4dc56b1736ccbe06c0f,스태커블,75646f8fb522886186daf90888bcc605,부스터,0,0,2,1863000,931500
2023-04-12 21:48:48,a1cdd9ffbfff08d867d07a86886c6b55,신비한 칼레이도 박스 주머니,1,레어,8bcda5578720a4dc56b1736ccbe06c0f,스태커블,75646f8fb522886186daf90888bcc605,부스터,0,0,1,931500,931500
2023-04-12 21:48:47,a1cdd9ffbfff08d867d07a86886c6b55,신비한 칼레이도 박스 주머니,1,레어,8bcda5578720a4dc56b1736ccbe06c0f,스태커블,75646f8fb522886186daf90888bcc605,부스터,0,0,6,5589000,931500
2023-04-12 21:48:36,a1cdd9ffbfff08d867d07a86886c6b55,신비한 칼레이도 박스 주머니,1,레어,8bcda5578720a4dc56b1736ccbe06c0f,스태커블,75646f8fb522886186daf90888bcc605,부스터,0,0,1,931500,931500
2023-04-12 21:48:21,a1cdd9ffbfff08d867d07a86886c6b55,신비한 칼레이도 박스 주머니,1,레어,8bcda5578720a4dc56b1736ccbe06c0f,스태커블,75646f8fb522886186daf90888bcc605,부스터,0,0,6,5589000,931500
2023-04-12 21:48:08,a1cdd9ffbfff08d867d07a86886c6b55,신비한 칼레이도 박스 주머니,1,레어,8bcda5578720a4dc56b1736ccbe06c0f,스태커블,75646f8fb522886186daf90888bcc605,부스터,0,0,1,931500,931500
2023-04-12 21:48:01,a1cdd9ffbfff08d867d07a86886c6b55,신비한 칼레이도 박스 주머니,1,레어,8bcda5578720a4dc56b1736ccbe06c0f,스태커블,75646f8fb522886186daf90888bcc605,부스터,0,0,1,931500,931500
2023-04-12 21:46:35,a1cdd9ffbfff08d867d07a86886c6b55,신비한 칼레이도 박스 주머니,1,레어,8bcda5578720a4dc56b1736ccbe06c0f,스태커블,75646f8fb522886186daf90888bcc605,부스터,0,0,5,4662500,932500
2023-04-12 21:46:17,a1cdd9ffbfff08d867d07a86886c6b55,신비한 칼레이도 박스 주머니,1,레어,8bcda5578720a4dc56b1736ccbe06c0f,스태커블,75646f8fb522886186daf90888bcc605,부스터,0,0,1,931500,931500
2023-04-12 21:45:52,a1cdd9ffbfff08d867d07a86886c6b55,신비한 칼레이도 박스 주머니,1,레어,8bcda5578720a4dc56b1736ccbe06c0f,스태커블,75646f8fb522886186daf90888bcc605,부스터,0,0,1,931500,931500
2023-04-12 21:44:52,a1cdd9ffbfff08d867d07a86886c6b55,신비한 칼레이도 박스 주머니,1,레어,8bcda5578720a4dc56b1736ccbe06c0f,스태커블,75646f8fb522886186daf90888bcc605,부스터,0,0,1,931500,931500
2023-04-12 21:44:40,a1cdd9ffbfff08d867d07a86886c6b55,신비한 칼레이도 박스 주머니,1,레어,8bcda5578720a4dc56b1736ccbe06c0f,스태커블,75646f8fb522886186daf90888bcc605,부스터,0,0,2,1863000,931500
2023-04-12 21:43:27,a1cdd9ffbfff08d867d07a86886c6b55,신비한 칼레이도 박스 주머니,1,레어,8bcda5578720a4dc56b1736ccbe06c0f,스태커블,75646f8fb522886186daf90888bcc605,부스터,0,0,10,9200000,920000
2023-04-12 21:43:01,a1cdd9ffbfff08d867d07a86886c6b55,신비한 칼레이도 박스 주머니,1,레어,8bcda5578720a4dc56b1736ccbe06c0f,스태커블,75646f8fb522886186daf90888bcc605,부스터,0,0,2,1840000,920000
2023-04-12 21:37:51,a1cdd9ffbfff08d867d07a86886c6b55,신비한 칼레이도 박스 주머니,1,레어,8bcda5578720a4dc56b1736ccbe06c0f,스태커블,75646f8fb522886186daf90888bcc605,부스터,0,0,1,931500,931500
2023-04-12 21:37:20,a1cdd9ffbfff08d867d07a86886c6b55,신비한 칼레이도 박스 주머니,1,레어,8bcda5578720a4dc56b1736ccbe06c0f,스태커블,75646f8fb522886186daf90888bcc605,부스터,0,0,2,1863000,931500
2023-04-12 21:33:35,a1cdd9ffbfff08d867d07a86886c6b55,신비한 칼레이도 박스 주머니,1,레어,8bcda5578720a4dc56b1736ccbe06c0f,스태커블,75646f8fb522886186daf90888bcc605,부스터,0,0,10,9300000,930000
2023-04-12 21:33:01,a1cdd9ffbfff08d867d07a86886c6b55,신비한 칼레이도 박스 주머니,1,레어,8bcda5578720a4dc56b1736ccbe06c0f,스태커블,75646f8fb522886186daf90888bcc605,부스터,0,0,1,932500,932500
2023-04-12 21:32:41,a1cdd9ffbfff08d867d07a86886c6b55,신비한 칼레이도 박스 주머니,1,레어,8bcda5578720a4dc56b1736ccbe06c0f,스태커블,75646f8fb522886186daf90888bcc605,부스터,0,0,1,932500,932500
2023-04-12 21:31:40,a1cdd9ffbfff08d867d07a86886c6b55,신비한 칼레이도 박스 주머니,1,레어,8bcda5578720a4dc56b1736ccbe06c0f,스태커블,75646f8fb522886186daf90888bcc605,부스터,0,0,5,4660000,932000
2023-04-12 21:31:31,a1cdd9ffbfff08d867d07a86886c6b55,신비한 칼레이도 박스 주머니,1,레어,8bcda5578720a4dc56b1736ccbe06c0f,스태커블,75646f8fb522886186daf90888bcc605,부스터,0,0,3,2796000,932000
2023-04-12 21:31:21,a1cdd9ffbfff08d867d07a86886c6b55,신비한 칼레이도 박스 주머니,1,레어,8bcda5578720a4dc56b1736ccbe06c0f,스태커블,75646f8fb522886186daf90888bcc605,부스터,0,0,2,1864000,932000
2023-04-12 21:31:15,a1cdd9ffbfff08d867d07a86886c6b55,신비한 칼레이도 박스 주머니,1,레어,8bcda5578720a4dc56b1736ccbe06c0f,스태커블,75646f8fb522886186daf90888bcc605,부스터,0,0,1,931800,931800
